__run_id,__done,DFO,Library,DataFrame size,execution_time,num_dfos_per_joule,cpu_utilisation,memory_usage
run_56_repetition_14,TODO,fillna,Modin,Large, , , , 
run_56_repetition_17,TODO,fillna,Modin,Large, , , , 
run_6_repetition_12,TODO,isna,Polars,Large, , , , 
run_22_repetition_18,TODO,groupby,Polars,Large, , , , 
run_10_repetition_16,TODO,replace,Dask,Large, , , , 
run_59_repetition_4,TODO,fillna,Dask,Small, , , , 
run_9_repetition_4,TODO,replace,Modin,Small, , , , 
run_63_repetition_18,TODO,fillna,Polars,Small, , , , 
run_67_repetition_3,TODO,concat,Dask,Small, , , , 
run_3_repetition_18,TODO,isna,Dask,Small, , , , 
run_38_repetition_5,TODO,mean,Polars,Large, , , , 
run_41_repetition_19,TODO,drop,Modin,Small, , , , 
run_2_repetition_2,TODO,isna,Dask,Large, , , , 
run_2_repetition_14,TODO,isna,Dask,Large, , , , 
run_22_repetition_2,TODO,groupby,Polars,Large, , , , 
run_32_repetition_6,TODO,mean,Modin,Large, , , , 
run_48_repetition_13,TODO,dropna,Modin,Large, , , , 
run_69_repetition_16,TODO,concat,Pandas,Small, , , , 
run_66_repetition_5,TODO,concat,Dask,Large, , , , 
run_29_repetition_17,TODO,sort,Pandas,Small, , , , 
run_59_repetition_3,TODO,fillna,Dask,Small, , , , 
run_71_repetition_14,TODO,concat,Polars,Small, , , , 
run_27_repetition_1,TODO,sort,Dask,Small, , , , 
run_32_repetition_10,TODO,mean,Modin,Large, , , , 
run_56_repetition_16,TODO,fillna,Modin,Large, , , , 
run_36_repetition_18,TODO,mean,Pandas,Large, , , , 
run_9_repetition_6,TODO,replace,Modin,Small, , , , 
run_26_repetition_11,TODO,sort,Dask,Large, , , , 
run_20_repetition_2,TODO,groupby,Pandas,Large, , , , 
run_17_repetition_4,TODO,groupby,Modin,Small, , , , 
run_69_repetition_3,TODO,concat,Pandas,Small, , , , 
run_41_repetition_5,TODO,drop,Modin,Small, , , , 
run_33_repetition_11,TODO,mean,Modin,Small, , , , 
run_24_repetition_14,TODO,sort,Modin,Large, , , , 
run_21_repetition_15,TODO,groupby,Pandas,Small, , , , 
run_66_repetition_7,TODO,concat,Dask,Large, , , , 
run_7_repetition_5,TODO,isna,Polars,Small, , , , 
run_1_repetition_18,TODO,isna,Modin,Small, , , , 
run_44_repetition_0,TODO,drop,Pandas,Large, , , , 
run_5_repetition_5,TODO,isna,Pandas,Small, , , , 
run_25_repetition_17,TODO,sort,Modin,Small, , , , 
run_41_repetition_14,TODO,drop,Modin,Small, , , , 
run_27_repetition_14,TODO,sort,Dask,Small, , , , 
run_17_repetition_2,TODO,groupby,Modin,Small, , , , 
run_20_repetition_15,TODO,groupby,Pandas,Large, , , , 
run_66_repetition_8,TODO,concat,Dask,Large, , , , 
run_10_repetition_1,TODO,replace,Dask,Large, , , , 
run_24_repetition_9,TODO,sort,Modin,Large, , , , 
run_5_repetition_4,TODO,isna,Pandas,Small, , , , 
run_38_repetition_10,TODO,mean,Polars,Large, , , , 
run_3_repetition_2,TODO,isna,Dask,Small, , , , 
run_14_repetition_13,TODO,replace,Polars,Large, , , , 
run_6_repetition_14,TODO,isna,Polars,Large, , , , 
run_34_repetition_4,TODO,mean,Dask,Large, , , , 
run_30_repetition_17,TODO,sort,Polars,Large, , , , 
run_17_repetition_7,TODO,groupby,Modin,Small, , , , 
run_71_repetition_15,TODO,concat,Polars,Small, , , , 
run_62_repetition_17,TODO,fillna,Polars,Large, , , , 
run_38_repetition_19,TODO,mean,Polars,Large, , , , 
run_33_repetition_8,TODO,mean,Modin,Small, , , , 
run_12_repetition_5,TODO,replace,Pandas,Large, , , , 
run_20_repetition_5,TODO,groupby,Pandas,Large, , , , 
run_18_repetition_19,TODO,groupby,Dask,Large, , , , 
run_29_repetition_8,TODO,sort,Pandas,Small, , , , 
run_44_repetition_6,TODO,drop,Pandas,Large, , , , 
run_17_repetition_11,TODO,groupby,Modin,Small, , , , 
run_52_repetition_15,TODO,dropna,Pandas,Large, , , , 
run_16_repetition_2,TODO,groupby,Modin,Large, , , , 
run_68_repetition_16,TODO,concat,Pandas,Large, , , , 
run_29_repetition_10,TODO,sort,Pandas,Small, , , , 
run_33_repetition_12,TODO,mean,Modin,Small, , , , 
run_23_repetition_11,TODO,groupby,Polars,Small, , , , 
run_48_repetition_11,TODO,dropna,Modin,Large, , , , 
run_60_repetition_10,TODO,fillna,Pandas,Large, , , , 
run_12_repetition_4,TODO,replace,Pandas,Large, , , , 
run_4_repetition_2,TODO,isna,Pandas,Large, , , , 
run_40_repetition_1,TODO,drop,Modin,Large, , , , 
run_31_repetition_11,TODO,sort,Polars,Small, , , , 
run_33_repetition_6,TODO,mean,Modin,Small, , , , 
run_22_repetition_10,TODO,groupby,Polars,Large, , , , 
run_54_repetition_8,TODO,dropna,Polars,Large, , , , 
run_55_repetition_0,TODO,dropna,Polars,Small, , , , 
run_37_repetition_18,TODO,mean,Pandas,Small, , , , 
run_61_repetition_0,TODO,fillna,Pandas,Small, , , , 
run_35_repetition_5,TODO,mean,Dask,Small, , , , 
run_27_repetition_8,TODO,sort,Dask,Small, , , , 
run_1_repetition_12,TODO,isna,Modin,Small, , , , 
run_36_repetition_1,TODO,mean,Pandas,Large, , , , 
run_64_repetition_16,TODO,concat,Modin,Large, , , , 
run_0_repetition_1,TODO,isna,Modin,Large, , , , 
run_7_repetition_7,TODO,isna,Polars,Small, , , , 
run_29_repetition_0,TODO,sort,Pandas,Small, , , , 
run_18_repetition_5,TODO,groupby,Dask,Large, , , , 
run_62_repetition_11,TODO,fillna,Polars,Large, , , , 
run_34_repetition_2,TODO,mean,Dask,Large, , , , 
run_62_repetition_13,TODO,fillna,Polars,Large, , , , 
run_29_repetition_7,TODO,sort,Pandas,Small, , , , 
run_41_repetition_13,TODO,drop,Modin,Small, , , , 
run_39_repetition_18,TODO,mean,Polars,Small, , , , 
run_57_repetition_8,TODO,fillna,Modin,Small, , , , 
run_28_repetition_7,TODO,sort,Pandas,Large, , , , 
run_35_repetition_3,TODO,mean,Dask,Small, , , , 
run_8_repetition_11,TODO,replace,Modin,Large, , , , 
run_7_repetition_6,TODO,isna,Polars,Small, , , , 
run_30_repetition_5,TODO,sort,Polars,Large, , , , 
run_32_repetition_2,TODO,mean,Modin,Large, , , , 
run_2_repetition_6,TODO,isna,Dask,Large, , , , 
run_57_repetition_1,TODO,fillna,Modin,Small, , , , 
run_23_repetition_19,TODO,groupby,Polars,Small, , , , 
run_10_repetition_9,TODO,replace,Dask,Large, , , , 
run_12_repetition_1,TODO,replace,Pandas,Large, , , , 
run_14_repetition_1,TODO,replace,Polars,Large, , , , 
run_69_repetition_17,TODO,concat,Pandas,Small, , , , 
run_48_repetition_4,TODO,dropna,Modin,Large, , , , 
run_39_repetition_1,TODO,mean,Polars,Small, , , , 
run_42_repetition_8,TODO,drop,Dask,Large, , , , 
run_22_repetition_4,TODO,groupby,Polars,Large, , , , 
run_45_repetition_19,TODO,drop,Pandas,Small, , , , 
run_29_repetition_15,TODO,sort,Pandas,Small, , , , 
run_60_repetition_8,TODO,fillna,Pandas,Large, , , , 
run_19_repetition_9,TODO,groupby,Dask,Small, , , , 
run_45_repetition_16,TODO,drop,Pandas,Small, , , , 
run_59_repetition_15,TODO,fillna,Dask,Small, , , , 
run_14_repetition_3,TODO,replace,Polars,Large, , , , 
run_46_repetition_19,TODO,drop,Polars,Large, , , , 
run_55_repetition_1,TODO,dropna,Polars,Small, , , , 
run_27_repetition_17,TODO,sort,Dask,Small, , , , 
run_38_repetition_9,TODO,mean,Polars,Large, , , , 
run_4_repetition_3,TODO,isna,Pandas,Large, , , , 
run_8_repetition_7,TODO,replace,Modin,Large, , , , 
run_61_repetition_17,TODO,fillna,Pandas,Small, , , , 
run_17_repetition_1,TODO,groupby,Modin,Small, , , , 
run_0_repetition_7,TODO,isna,Modin,Large, , , , 
run_46_repetition_18,TODO,drop,Polars,Large, , , , 
run_26_repetition_7,TODO,sort,Dask,Large, , , , 
run_41_repetition_18,TODO,drop,Modin,Small, , , , 
run_30_repetition_3,TODO,sort,Polars,Large, , , , 
run_4_repetition_13,TODO,isna,Pandas,Large, , , , 
run_65_repetition_17,TODO,concat,Modin,Small, , , , 
run_4_repetition_5,TODO,isna,Pandas,Large, , , , 
run_66_repetition_4,TODO,concat,Dask,Large, , , , 
run_60_repetition_1,TODO,fillna,Pandas,Large, , , , 
run_51_repetition_6,TODO,dropna,Dask,Small, , , , 
run_57_repetition_5,TODO,fillna,Modin,Small, , , , 
run_62_repetition_3,TODO,fillna,Polars,Large, , , , 
run_12_repetition_16,TODO,replace,Pandas,Large, , , , 
run_11_repetition_19,TODO,replace,Dask,Small, , , , 
run_16_repetition_1,TODO,groupby,Modin,Large, , , , 
run_10_repetition_10,TODO,replace,Dask,Large, , , , 
run_7_repetition_12,TODO,isna,Polars,Small, , , , 
run_24_repetition_15,TODO,sort,Modin,Large, , , , 
run_42_repetition_2,TODO,drop,Dask,Large, , , , 
run_45_repetition_13,TODO,drop,Pandas,Small, , , , 
run_67_repetition_1,TODO,concat,Dask,Small, , , , 
run_5_repetition_6,TODO,isna,Pandas,Small, , , , 
run_6_repetition_8,TODO,isna,Polars,Large, , , , 
run_71_repetition_10,TODO,concat,Polars,Small, , , , 
run_54_repetition_9,TODO,dropna,Polars,Large, , , , 
run_42_repetition_15,TODO,drop,Dask,Large, , , , 
run_53_repetition_3,TODO,dropna,Pandas,Small, , , , 
run_61_repetition_2,TODO,fillna,Pandas,Small, , , , 
run_53_repetition_15,TODO,dropna,Pandas,Small, , , , 
run_52_repetition_10,TODO,dropna,Pandas,Large, , , , 
run_70_repetition_17,TODO,concat,Polars,Large, , , , 
run_36_repetition_4,TODO,mean,Pandas,Large, , , , 
run_37_repetition_10,TODO,mean,Pandas,Small, , , , 
run_3_repetition_19,TODO,isna,Dask,Small, , , , 
run_53_repetition_4,TODO,dropna,Pandas,Small, , , , 
run_4_repetition_0,TODO,isna,Pandas,Large, , , , 
run_40_repetition_10,TODO,drop,Modin,Large, , , , 
run_65_repetition_16,TODO,concat,Modin,Small, , , , 
run_71_repetition_18,TODO,concat,Polars,Small, , , , 
run_35_repetition_16,TODO,mean,Dask,Small, , , , 
run_39_repetition_10,TODO,mean,Polars,Small, , , , 
run_25_repetition_2,TODO,sort,Modin,Small, , , , 
run_51_repetition_18,TODO,dropna,Dask,Small, , , , 
run_66_repetition_11,TODO,concat,Dask,Large, , , , 
run_14_repetition_16,TODO,replace,Polars,Large, , , , 
run_28_repetition_11,TODO,sort,Pandas,Large, , , , 
run_42_repetition_0,TODO,drop,Dask,Large, , , , 
run_8_repetition_2,TODO,replace,Modin,Large, , , , 
run_45_repetition_2,TODO,drop,Pandas,Small, , , , 
run_24_repetition_11,TODO,sort,Modin,Large, , , , 
run_22_repetition_8,TODO,groupby,Polars,Large, , , , 
run_46_repetition_6,TODO,drop,Polars,Large, , , , 
run_20_repetition_9,TODO,groupby,Pandas,Large, , , , 
run_20_repetition_0,TODO,groupby,Pandas,Large, , , , 
run_69_repetition_4,TODO,concat,Pandas,Small, , , , 
run_14_repetition_2,TODO,replace,Polars,Large, , , , 
run_17_repetition_12,TODO,groupby,Modin,Small, , , , 
run_66_repetition_1,TODO,concat,Dask,Large, , , , 
run_42_repetition_12,TODO,drop,Dask,Large, , , , 
run_35_repetition_18,TODO,mean,Dask,Small, , , , 
run_35_repetition_4,TODO,mean,Dask,Small, , , , 
run_13_repetition_17,TODO,replace,Pandas,Small, , , , 
run_31_repetition_14,TODO,sort,Polars,Small, , , , 
run_45_repetition_3,TODO,drop,Pandas,Small, , , , 
run_7_repetition_10,TODO,isna,Polars,Small, , , , 
run_51_repetition_3,TODO,dropna,Dask,Small, , , , 
run_21_repetition_11,TODO,groupby,Pandas,Small, , , , 
run_21_repetition_8,TODO,groupby,Pandas,Small, , , , 
run_55_repetition_6,TODO,dropna,Polars,Small, , , , 
run_27_repetition_19,TODO,sort,Dask,Small, , , , 
run_64_repetition_17,TODO,concat,Modin,Large, , , , 
run_8_repetition_13,TODO,replace,Modin,Large, , , , 
run_57_repetition_4,TODO,fillna,Modin,Small, , , , 
run_9_repetition_11,TODO,replace,Modin,Small, , , , 
run_65_repetition_6,TODO,concat,Modin,Small, , , , 
run_41_repetition_3,TODO,drop,Modin,Small, , , , 
run_34_repetition_8,TODO,mean,Dask,Large, , , , 
run_66_repetition_6,TODO,concat,Dask,Large, , , , 
run_27_repetition_16,TODO,sort,Dask,Small, , , , 
run_55_repetition_9,TODO,dropna,Polars,Small, , , , 
run_39_repetition_12,TODO,mean,Polars,Small, , , , 
run_68_repetition_2,TODO,concat,Pandas,Large, , , , 
run_8_repetition_9,TODO,replace,Modin,Large, , , , 
run_15_repetition_10,TODO,replace,Polars,Small, , , , 
run_41_repetition_7,TODO,drop,Modin,Small, , , , 
run_19_repetition_15,TODO,groupby,Dask,Small, , , , 
run_71_repetition_5,TODO,concat,Polars,Small, , , , 
run_30_repetition_16,TODO,sort,Polars,Large, , , , 
run_61_repetition_9,TODO,fillna,Pandas,Small, , , , 
run_71_repetition_19,TODO,concat,Polars,Small, , , , 
run_12_repetition_9,TODO,replace,Pandas,Large, , , , 
run_27_repetition_12,TODO,sort,Dask,Small, , , , 
run_53_repetition_11,TODO,dropna,Pandas,Small, , , , 
run_69_repetition_6,TODO,concat,Pandas,Small, , , , 
run_35_repetition_13,TODO,mean,Dask,Small, , , , 
run_59_repetition_18,TODO,fillna,Dask,Small, , , , 
run_56_repetition_13,TODO,fillna,Modin,Large, , , , 
run_48_repetition_15,TODO,dropna,Modin,Large, , , , 
run_19_repetition_7,TODO,groupby,Dask,Small, , , , 
run_20_repetition_1,TODO,groupby,Pandas,Large, , , , 
run_52_repetition_16,TODO,dropna,Pandas,Large, , , , 
run_48_repetition_17,TODO,dropna,Modin,Large, , , , 
run_64_repetition_14,TODO,concat,Modin,Large, , , , 
run_43_repetition_16,TODO,drop,Dask,Small, , , , 
run_49_repetition_8,TODO,dropna,Modin,Small, , , , 
run_56_repetition_6,TODO,fillna,Modin,Large, , , , 
run_61_repetition_18,TODO,fillna,Pandas,Small, , , , 
run_15_repetition_9,TODO,replace,Polars,Small, , , , 
run_49_repetition_11,TODO,dropna,Modin,Small, , , , 
run_61_repetition_3,TODO,fillna,Pandas,Small, , , , 
run_40_repetition_15,TODO,drop,Modin,Large, , , , 
run_61_repetition_16,TODO,fillna,Pandas,Small, , , , 
run_28_repetition_5,TODO,sort,Pandas,Large, , , , 
run_1_repetition_5,TODO,isna,Modin,Small, , , , 
run_49_repetition_5,TODO,dropna,Modin,Small, , , , 
run_26_repetition_8,TODO,sort,Dask,Large, , , , 
run_66_repetition_16,TODO,concat,Dask,Large, , , , 
run_66_repetition_3,TODO,concat,Dask,Large, , , , 
run_7_repetition_13,TODO,isna,Polars,Small, , , , 
run_36_repetition_11,TODO,mean,Pandas,Large, , , , 
run_3_repetition_8,TODO,isna,Dask,Small, , , , 
run_55_repetition_13,TODO,dropna,Polars,Small, , , , 
run_50_repetition_15,TODO,dropna,Dask,Large, , , , 
run_1_repetition_3,TODO,isna,Modin,Small, , , , 
run_23_repetition_9,TODO,groupby,Polars,Small, , , , 
run_37_repetition_15,TODO,mean,Pandas,Small, , , , 
run_53_repetition_5,TODO,dropna,Pandas,Small, , , , 
run_55_repetition_16,TODO,dropna,Polars,Small, , , , 
run_23_repetition_8,TODO,groupby,Polars,Small, , , , 
run_21_repetition_5,TODO,groupby,Pandas,Small, , , , 
run_2_repetition_19,TODO,isna,Dask,Large, , , , 
run_68_repetition_3,TODO,concat,Pandas,Large, , , , 
run_25_repetition_0,TODO,sort,Modin,Small, , , , 
run_24_repetition_7,TODO,sort,Modin,Large, , , , 
run_2_repetition_17,TODO,isna,Dask,Large, , , , 
run_9_repetition_10,TODO,replace,Modin,Small, , , , 
run_6_repetition_6,TODO,isna,Polars,Large, , , , 
run_20_repetition_3,TODO,groupby,Pandas,Large, , , , 
run_55_repetition_15,TODO,dropna,Polars,Small, , , , 
run_38_repetition_18,TODO,mean,Polars,Large, , , , 
run_19_repetition_3,TODO,groupby,Dask,Small, , , , 
run_10_repetition_13,TODO,replace,Dask,Large, , , , 
run_16_repetition_17,TODO,groupby,Modin,Large, , , , 
run_69_repetition_0,TODO,concat,Pandas,Small, , , , 
run_28_repetition_10,TODO,sort,Pandas,Large, , , , 
run_45_repetition_6,TODO,drop,Pandas,Small, , , , 
run_44_repetition_18,TODO,drop,Pandas,Large, , , , 
run_63_repetition_14,TODO,fillna,Polars,Small, , , , 
run_28_repetition_14,TODO,sort,Pandas,Large, , , , 
run_27_repetition_13,TODO,sort,Dask,Small, , , , 
run_2_repetition_5,TODO,isna,Dask,Large, , , , 
run_63_repetition_16,TODO,fillna,Polars,Small, , , , 
run_48_repetition_9,TODO,dropna,Modin,Large, , , , 
run_16_repetition_0,TODO,groupby,Modin,Large, , , , 
run_41_repetition_8,TODO,drop,Modin,Small, , , , 
run_38_repetition_7,TODO,mean,Polars,Large, , , , 
run_33_repetition_2,TODO,mean,Modin,Small, , , , 
run_6_repetition_5,TODO,isna,Polars,Large, , , , 
run_40_repetition_14,TODO,drop,Modin,Large, , , , 
run_39_repetition_3,TODO,mean,Polars,Small, , , , 
run_12_repetition_10,TODO,replace,Pandas,Large, , , , 
run_39_repetition_6,TODO,mean,Polars,Small, , , , 
run_48_repetition_12,TODO,dropna,Modin,Large, , , , 
run_58_repetition_9,TODO,fillna,Dask,Large, , , , 
run_30_repetition_10,TODO,sort,Polars,Large, , , , 
run_60_repetition_6,TODO,fillna,Pandas,Large, , , , 
run_71_repetition_8,TODO,concat,Polars,Small, , , , 
run_70_repetition_8,TODO,concat,Polars,Large, , , , 
run_32_repetition_9,TODO,mean,Modin,Large, , , , 
run_19_repetition_11,TODO,groupby,Dask,Small, , , , 
run_32_repetition_19,TODO,mean,Modin,Large, , , , 
run_23_repetition_10,TODO,groupby,Polars,Small, , , , 
run_18_repetition_1,TODO,groupby,Dask,Large, , , , 
run_30_repetition_13,TODO,sort,Polars,Large, , , , 
run_31_repetition_18,TODO,sort,Polars,Small, , , , 
run_5_repetition_14,TODO,isna,Pandas,Small, , , , 
run_31_repetition_3,TODO,sort,Polars,Small, , , , 
run_2_repetition_12,TODO,isna,Dask,Large, , , , 
run_31_repetition_5,TODO,sort,Polars,Small, , , , 
run_30_repetition_9,TODO,sort,Polars,Large, , , , 
run_47_repetition_18,TODO,drop,Polars,Small, , , , 
run_20_repetition_17,TODO,groupby,Pandas,Large, , , , 
run_65_repetition_11,TODO,concat,Modin,Small, , , , 
run_22_repetition_13,TODO,groupby,Polars,Large, , , , 
run_25_repetition_10,TODO,sort,Modin,Small, , , , 
run_24_repetition_13,TODO,sort,Modin,Large, , , , 
run_50_repetition_6,TODO,dropna,Dask,Large, , , , 
run_59_repetition_8,TODO,fillna,Dask,Small, , , , 
run_69_repetition_8,TODO,concat,Pandas,Small, , , , 
run_56_repetition_9,TODO,fillna,Modin,Large, , , , 
run_47_repetition_16,TODO,drop,Polars,Small, , , , 
run_67_repetition_5,TODO,concat,Dask,Small, , , , 
run_11_repetition_2,TODO,replace,Dask,Small, , , , 
run_27_repetition_10,TODO,sort,Dask,Small, , , , 
run_0_repetition_19,TODO,isna,Modin,Large, , , , 
run_43_repetition_7,TODO,drop,Dask,Small, , , , 
run_26_repetition_13,TODO,sort,Dask,Large, , , , 
run_26_repetition_14,TODO,sort,Dask,Large, , , , 
run_53_repetition_14,TODO,dropna,Pandas,Small, , , , 
run_56_repetition_19,TODO,fillna,Modin,Large, , , , 
run_47_repetition_13,TODO,drop,Polars,Small, , , , 
run_32_repetition_18,TODO,mean,Modin,Large, , , , 
run_55_repetition_2,TODO,dropna,Polars,Small, , , , 
run_25_repetition_14,TODO,sort,Modin,Small, , , , 
run_65_repetition_5,TODO,concat,Modin,Small, , , , 
run_52_repetition_1,TODO,dropna,Pandas,Large, , , , 
run_26_repetition_12,TODO,sort,Dask,Large, , , , 
run_50_repetition_13,TODO,dropna,Dask,Large, , , , 
run_34_repetition_0,TODO,mean,Dask,Large, , , , 
run_63_repetition_9,TODO,fillna,Polars,Small, , , , 
run_25_repetition_5,TODO,sort,Modin,Small, , , , 
run_31_repetition_15,TODO,sort,Polars,Small, , , , 
run_38_repetition_4,TODO,mean,Polars,Large, , , , 
run_70_repetition_15,TODO,concat,Polars,Large, , , , 
run_29_repetition_18,TODO,sort,Pandas,Small, , , , 
run_30_repetition_19,TODO,sort,Polars,Large, , , , 
run_49_repetition_4,TODO,dropna,Modin,Small, , , , 
run_59_repetition_19,TODO,fillna,Dask,Small, , , , 
run_33_repetition_10,TODO,mean,Modin,Small, , , , 
run_12_repetition_17,TODO,replace,Pandas,Large, , , , 
run_45_repetition_17,TODO,drop,Pandas,Small, , , , 
run_11_repetition_5,TODO,replace,Dask,Small, , , , 
run_43_repetition_12,TODO,drop,Dask,Small, , , , 
run_64_repetition_8,TODO,concat,Modin,Large, , , , 
run_50_repetition_12,TODO,dropna,Dask,Large, , , , 
run_0_repetition_9,TODO,isna,Modin,Large, , , , 
run_6_repetition_10,TODO,isna,Polars,Large, , , , 
run_58_repetition_8,TODO,fillna,Dask,Large, , , , 
run_50_repetition_5,TODO,dropna,Dask,Large, , , , 
run_37_repetition_12,TODO,mean,Pandas,Small, , , , 
run_23_repetition_5,TODO,groupby,Polars,Small, , , , 
run_15_repetition_3,TODO,replace,Polars,Small, , , , 
run_44_repetition_9,TODO,drop,Pandas,Large, , , , 
run_49_repetition_19,TODO,dropna,Modin,Small, , , , 
run_56_repetition_10,TODO,fillna,Modin,Large, , , , 
run_34_repetition_7,TODO,mean,Dask,Large, , , , 
run_9_repetition_15,TODO,replace,Modin,Small, , , , 
run_66_repetition_13,TODO,concat,Dask,Large, , , , 
run_33_repetition_14,TODO,mean,Modin,Small, , , , 
run_69_repetition_2,TODO,concat,Pandas,Small, , , , 
run_57_repetition_13,TODO,fillna,Modin,Small, , , , 
run_48_repetition_1,TODO,dropna,Modin,Large, , , , 
run_69_repetition_18,TODO,concat,Pandas,Small, , , , 
run_68_repetition_14,TODO,concat,Pandas,Large, , , , 
run_54_repetition_13,TODO,dropna,Polars,Large, , , , 
run_14_repetition_4,TODO,replace,Polars,Large, , , , 
run_43_repetition_11,TODO,drop,Dask,Small, , , , 
run_25_repetition_1,TODO,sort,Modin,Small, , , , 
run_10_repetition_11,TODO,replace,Dask,Large, , , , 
run_19_repetition_5,TODO,groupby,Dask,Small, , , , 
run_50_repetition_8,TODO,dropna,Dask,Large, , , , 
run_47_repetition_19,TODO,drop,Polars,Small, , , , 
run_35_repetition_9,TODO,mean,Dask,Small, , , , 
run_19_repetition_16,TODO,groupby,Dask,Small, , , , 
run_67_repetition_9,TODO,concat,Dask,Small, , , , 
run_43_repetition_9,TODO,drop,Dask,Small, , , , 
run_55_repetition_18,TODO,dropna,Polars,Small, , , , 
run_62_repetition_2,TODO,fillna,Polars,Large, , , , 
run_47_repetition_9,TODO,drop,Polars,Small, , , , 
run_51_repetition_16,TODO,dropna,Dask,Small, , , , 
run_53_repetition_10,TODO,dropna,Pandas,Small, , , , 
run_15_repetition_4,TODO,replace,Polars,Small, , , , 
run_17_repetition_18,TODO,groupby,Modin,Small, , , , 
run_28_repetition_6,TODO,sort,Pandas,Large, , , , 
run_35_repetition_7,TODO,mean,Dask,Small, , , , 
run_38_repetition_6,TODO,mean,Polars,Large, , , , 
run_13_repetition_15,TODO,replace,Pandas,Small, , , , 
run_37_repetition_11,TODO,mean,Pandas,Small, , , , 
run_7_repetition_15,TODO,isna,Polars,Small, , , , 
run_65_repetition_0,TODO,concat,Modin,Small, , , , 
run_48_repetition_8,TODO,dropna,Modin,Large, , , , 
run_10_repetition_18,TODO,replace,Dask,Large, , , , 
run_62_repetition_18,TODO,fillna,Polars,Large, , , , 
run_47_repetition_17,TODO,drop,Polars,Small, , , , 
run_49_repetition_15,TODO,dropna,Modin,Small, , , , 
run_52_repetition_9,TODO,dropna,Pandas,Large, , , , 
run_58_repetition_3,TODO,fillna,Dask,Large, , , , 
run_1_repetition_6,TODO,isna,Modin,Small, , , , 
run_30_repetition_2,TODO,sort,Polars,Large, , , , 
run_67_repetition_17,TODO,concat,Dask,Small, , , , 
run_63_repetition_8,TODO,fillna,Polars,Small, , , , 
run_7_repetition_18,TODO,isna,Polars,Small, , , , 
run_16_repetition_18,TODO,groupby,Modin,Large, , , , 
run_31_repetition_10,TODO,sort,Polars,Small, , , , 
run_5_repetition_12,TODO,isna,Pandas,Small, , , , 
run_19_repetition_19,TODO,groupby,Dask,Small, , , , 
run_48_repetition_3,TODO,dropna,Modin,Large, , , , 
run_15_repetition_18,TODO,replace,Polars,Small, , , , 
run_61_repetition_6,TODO,fillna,Pandas,Small, , , , 
run_57_repetition_3,TODO,fillna,Modin,Small, , , , 
run_19_repetition_13,TODO,groupby,Dask,Small, , , , 
run_59_repetition_0,TODO,fillna,Dask,Small, , , , 
run_16_repetition_8,TODO,groupby,Modin,Large, , , , 
run_46_repetition_9,TODO,drop,Polars,Large, , , , 
run_8_repetition_14,TODO,replace,Modin,Large, , , , 
run_64_repetition_9,TODO,concat,Modin,Large, , , , 
run_63_repetition_17,TODO,fillna,Polars,Small, , , , 
run_16_repetition_14,TODO,groupby,Modin,Large, , , , 
run_42_repetition_9,TODO,drop,Dask,Large, , , , 
run_1_repetition_8,TODO,isna,Modin,Small, , , , 
run_29_repetition_6,TODO,sort,Pandas,Small, , , , 
run_64_repetition_11,TODO,concat,Modin,Large, , , , 
run_52_repetition_12,TODO,dropna,Pandas,Large, , , , 
run_33_repetition_5,TODO,mean,Modin,Small, , , , 
run_63_repetition_6,TODO,fillna,Polars,Small, , , , 
run_60_repetition_14,TODO,fillna,Pandas,Large, , , , 
run_24_repetition_4,TODO,sort,Modin,Large, , , , 
run_13_repetition_5,TODO,replace,Pandas,Small, , , , 
run_34_repetition_14,TODO,mean,Dask,Large, , , , 
run_29_repetition_2,TODO,sort,Pandas,Small, , , , 
run_27_repetition_18,TODO,sort,Dask,Small, , , , 
run_2_repetition_8,TODO,isna,Dask,Large, , , , 
run_67_repetition_12,TODO,concat,Dask,Small, , , , 
run_67_repetition_10,TODO,concat,Dask,Small, , , , 
run_40_repetition_12,TODO,drop,Modin,Large, , , , 
run_17_repetition_0,TODO,groupby,Modin,Small, , , , 
run_25_repetition_12,TODO,sort,Modin,Small, , , , 
run_0_repetition_17,TODO,isna,Modin,Large, , , , 
run_62_repetition_6,TODO,fillna,Polars,Large, , , , 
run_67_repetition_7,TODO,concat,Dask,Small, , , , 
run_71_repetition_2,TODO,concat,Polars,Small, , , , 
run_26_repetition_2,TODO,sort,Dask,Large, , , , 
run_51_repetition_5,TODO,dropna,Dask,Small, , , , 
run_65_repetition_8,TODO,concat,Modin,Small, , , , 
run_51_repetition_7,TODO,dropna,Dask,Small, , , , 
run_69_repetition_5,TODO,concat,Pandas,Small, , , , 
run_65_repetition_15,TODO,concat,Modin,Small, , , , 
run_49_repetition_1,TODO,dropna,Modin,Small, , , , 
run_31_repetition_6,TODO,sort,Polars,Small, , , , 
run_37_repetition_13,TODO,mean,Pandas,Small, , , , 
run_46_repetition_10,TODO,drop,Polars,Large, , , , 
run_15_repetition_2,TODO,replace,Polars,Small, , , , 
run_26_repetition_16,TODO,sort,Dask,Large, , , , 
run_44_repetition_13,TODO,drop,Pandas,Large, , , , 
run_54_repetition_16,TODO,dropna,Polars,Large, , , , 
run_37_repetition_4,TODO,mean,Pandas,Small, , , , 
run_61_repetition_8,TODO,fillna,Pandas,Small, , , , 
run_60_repetition_12,TODO,fillna,Pandas,Large, , , , 
run_7_repetition_4,TODO,isna,Polars,Small, , , , 
run_19_repetition_14,TODO,groupby,Dask,Small, , , , 
run_57_repetition_18,TODO,fillna,Modin,Small, , , , 
run_47_repetition_7,TODO,drop,Polars,Small, , , , 
run_65_repetition_3,TODO,concat,Modin,Small, , , , 
run_4_repetition_11,TODO,isna,Pandas,Large, , , , 
run_70_repetition_9,TODO,concat,Polars,Large, , , , 
run_68_repetition_10,TODO,concat,Pandas,Large, , , , 
run_25_repetition_16,TODO,sort,Modin,Small, , , , 
run_3_repetition_4,TODO,isna,Dask,Small, , , , 
run_39_repetition_17,TODO,mean,Polars,Small, , , , 
run_31_repetition_4,TODO,sort,Polars,Small, , , , 
run_38_repetition_0,TODO,mean,Polars,Large, , , , 
run_67_repetition_2,TODO,concat,Dask,Small, , , , 
run_26_repetition_15,TODO,sort,Dask,Large, , , , 
run_51_repetition_8,TODO,dropna,Dask,Small, , , , 
run_31_repetition_7,TODO,sort,Polars,Small, , , , 
run_54_repetition_15,TODO,dropna,Polars,Large, , , , 
run_29_repetition_5,TODO,sort,Pandas,Small, , , , 
run_29_repetition_11,TODO,sort,Pandas,Small, , , , 
run_71_repetition_13,TODO,concat,Polars,Small, , , , 
run_66_repetition_14,TODO,concat,Dask,Large, , , , 
run_41_repetition_6,TODO,drop,Modin,Small, , , , 
run_2_repetition_18,TODO,isna,Dask,Large, , , , 
run_35_repetition_1,TODO,mean,Dask,Small, , , , 
run_70_repetition_6,TODO,concat,Polars,Large, , , , 
run_55_repetition_3,TODO,dropna,Polars,Small, , , , 
run_28_repetition_3,TODO,sort,Pandas,Large, , , , 
run_16_repetition_3,TODO,groupby,Modin,Large, , , , 
run_65_repetition_14,TODO,concat,Modin,Small, , , , 
run_70_repetition_2,TODO,concat,Polars,Large, , , , 
run_47_repetition_10,TODO,drop,Polars,Small, , , , 
run_63_repetition_10,TODO,fillna,Polars,Small, , , , 
run_28_repetition_0,TODO,sort,Pandas,Large, , , , 
run_57_repetition_7,TODO,fillna,Modin,Small, , , , 
run_0_repetition_8,TODO,isna,Modin,Large, , , , 
run_9_repetition_17,TODO,replace,Modin,Small, , , , 
run_24_repetition_1,TODO,sort,Modin,Large, , , , 
run_45_repetition_10,TODO,drop,Pandas,Small, , , , 
run_18_repetition_10,TODO,groupby,Dask,Large, , , , 
run_43_repetition_19,TODO,drop,Dask,Small, , , , 
run_6_repetition_16,TODO,isna,Polars,Large, , , , 
run_33_repetition_19,TODO,mean,Modin,Small, , , , 
run_57_repetition_11,TODO,fillna,Modin,Small, , , , 
run_67_repetition_4,TODO,concat,Dask,Small, , , , 
run_71_repetition_6,TODO,concat,Polars,Small, , , , 
run_52_repetition_7,TODO,dropna,Pandas,Large, , , , 
run_29_repetition_1,TODO,sort,Pandas,Small, , , , 
run_68_repetition_0,TODO,concat,Pandas,Large, , , , 
run_70_repetition_16,TODO,concat,Polars,Large, , , , 
run_38_repetition_15,TODO,mean,Polars,Large, , , , 
run_10_repetition_0,TODO,replace,Dask,Large, , , , 
run_10_repetition_12,TODO,replace,Dask,Large, , , , 
run_14_repetition_18,TODO,replace,Polars,Large, , , , 
run_6_repetition_18,TODO,isna,Polars,Large, , , , 
run_8_repetition_18,TODO,replace,Modin,Large, , , , 
run_48_repetition_18,TODO,dropna,Modin,Large, , , , 
run_15_repetition_12,TODO,replace,Polars,Small, , , , 
run_2_repetition_0,TODO,isna,Dask,Large, , , , 
run_13_repetition_3,TODO,replace,Pandas,Small, , , , 
run_42_repetition_5,TODO,drop,Dask,Large, , , , 
run_26_repetition_5,TODO,sort,Dask,Large, , , , 
run_1_repetition_2,TODO,isna,Modin,Small, , , , 
run_34_repetition_12,TODO,mean,Dask,Large, , , , 
run_21_repetition_3,TODO,groupby,Pandas,Small, , , , 
run_0_repetition_12,TODO,isna,Modin,Large, , , , 
run_47_repetition_8,TODO,drop,Polars,Small, , , , 
run_55_repetition_8,TODO,dropna,Polars,Small, , , , 
run_58_repetition_0,TODO,fillna,Dask,Large, , , , 
run_66_repetition_12,TODO,concat,Dask,Large, , , , 
run_34_repetition_16,TODO,mean,Dask,Large, , , , 
run_18_repetition_2,TODO,groupby,Dask,Large, , , , 
run_18_repetition_7,TODO,groupby,Dask,Large, , , , 
run_52_repetition_13,TODO,dropna,Pandas,Large, , , , 
run_9_repetition_3,TODO,replace,Modin,Small, , , , 
run_35_repetition_8,TODO,mean,Dask,Small, , , , 
run_71_repetition_16,TODO,concat,Polars,Small, , , , 
run_9_repetition_5,TODO,replace,Modin,Small, , , , 
run_68_repetition_19,TODO,concat,Pandas,Large, , , , 
run_65_repetition_7,TODO,concat,Modin,Small, , , , 
run_69_repetition_10,TODO,concat,Pandas,Small, , , , 
run_12_repetition_11,TODO,replace,Pandas,Large, , , , 
run_56_repetition_7,TODO,fillna,Modin,Large, , , , 
run_14_repetition_5,TODO,replace,Polars,Large, , , , 
run_41_repetition_17,TODO,drop,Modin,Small, , , , 
run_29_repetition_16,TODO,sort,Pandas,Small, , , , 
run_68_repetition_18,TODO,concat,Pandas,Large, , , , 
run_68_repetition_9,TODO,concat,Pandas,Large, , , , 
run_35_repetition_17,TODO,mean,Dask,Small, , , , 
run_53_repetition_0,TODO,dropna,Pandas,Small, , , , 
run_34_repetition_19,TODO,mean,Dask,Large, , , , 
run_20_repetition_16,TODO,groupby,Pandas,Large, , , , 
run_43_repetition_6,TODO,drop,Dask,Small, , , , 
run_9_repetition_0,TODO,replace,Modin,Small, , , , 
run_69_repetition_14,TODO,concat,Pandas,Small, , , , 
run_51_repetition_2,TODO,dropna,Dask,Small, , , , 
run_52_repetition_8,TODO,dropna,Pandas,Large, , , , 
run_35_repetition_6,TODO,mean,Dask,Small, , , , 
run_53_repetition_17,TODO,dropna,Pandas,Small, , , , 
run_63_repetition_19,TODO,fillna,Polars,Small, , , , 
run_59_repetition_9,TODO,fillna,Dask,Small, , , , 
run_57_repetition_19,TODO,fillna,Modin,Small, , , , 
run_31_repetition_17,TODO,sort,Polars,Small, , , , 
run_51_repetition_17,TODO,dropna,Dask,Small, , , , 
run_55_repetition_5,TODO,dropna,Polars,Small, , , , 
run_34_repetition_13,TODO,mean,Dask,Large, , , , 
run_32_repetition_17,TODO,mean,Modin,Large, , , , 
run_48_repetition_16,TODO,dropna,Modin,Large, , , , 
run_34_repetition_5,TODO,mean,Dask,Large, , , , 
run_45_repetition_12,TODO,drop,Pandas,Small, , , , 
run_7_repetition_2,TODO,isna,Polars,Small, , , , 
run_24_repetition_5,TODO,sort,Modin,Large, , , , 
run_55_repetition_19,TODO,dropna,Polars,Small, , , , 
run_11_repetition_10,TODO,replace,Dask,Small, , , , 
run_62_repetition_0,TODO,fillna,Polars,Large, , , , 
run_5_repetition_18,TODO,isna,Pandas,Small, , , , 
run_52_repetition_3,TODO,dropna,Pandas,Large, , , , 
run_15_repetition_16,TODO,replace,Polars,Small, , , , 
run_9_repetition_16,TODO,replace,Modin,Small, , , , 
run_16_repetition_19,TODO,groupby,Modin,Large, , , , 
run_2_repetition_15,TODO,isna,Dask,Large, , , , 
run_47_repetition_3,TODO,drop,Polars,Small, , , , 
run_43_repetition_18,TODO,drop,Dask,Small, , , , 
run_70_repetition_5,TODO,concat,Polars,Large, , , , 
run_21_repetition_18,TODO,groupby,Pandas,Small, , , , 
run_69_repetition_12,TODO,concat,Pandas,Small, , , , 
run_70_repetition_19,TODO,concat,Polars,Large, , , , 
run_27_repetition_0,TODO,sort,Dask,Small, , , , 
run_48_repetition_2,TODO,dropna,Modin,Large, , , , 
run_0_repetition_6,TODO,isna,Modin,Large, , , , 
run_59_repetition_12,TODO,fillna,Dask,Small, , , , 
run_45_repetition_9,TODO,drop,Pandas,Small, , , , 
run_54_repetition_10,TODO,dropna,Polars,Large, , , , 
run_28_repetition_4,TODO,sort,Pandas,Large, , , , 
run_2_repetition_3,TODO,isna,Dask,Large, , , , 
run_20_repetition_18,TODO,groupby,Pandas,Large, , , , 
run_5_repetition_7,TODO,isna,Pandas,Small, , , , 
run_49_repetition_10,TODO,dropna,Modin,Small, , , , 
run_19_repetition_2,TODO,groupby,Dask,Small, , , , 
run_20_repetition_8,TODO,groupby,Pandas,Large, , , , 
run_5_repetition_15,TODO,isna,Pandas,Small, , , , 
run_66_repetition_10,TODO,concat,Dask,Large, , , , 
run_71_repetition_3,TODO,concat,Polars,Small, , , , 
run_50_repetition_14,TODO,dropna,Dask,Large, , , , 
run_50_repetition_16,TODO,dropna,Dask,Large, , , , 
run_29_repetition_13,TODO,sort,Pandas,Small, , , , 
run_19_repetition_18,TODO,groupby,Dask,Small, , , , 
run_35_repetition_14,TODO,mean,Dask,Small, , , , 
run_18_repetition_12,TODO,groupby,Dask,Large, , , , 
run_36_repetition_16,TODO,mean,Pandas,Large, , , , 
run_13_repetition_7,TODO,replace,Pandas,Small, , , , 
run_29_repetition_9,TODO,sort,Pandas,Small, , , , 
run_30_repetition_7,TODO,sort,Polars,Large, , , , 
run_63_repetition_12,TODO,fillna,Polars,Small, , , , 
run_30_repetition_8,TODO,sort,Polars,Large, , , , 
run_60_repetition_5,TODO,fillna,Pandas,Large, , , , 
run_63_repetition_11,TODO,fillna,Polars,Small, , , , 
run_31_repetition_0,TODO,sort,Polars,Small, , , , 
run_40_repetition_13,TODO,drop,Modin,Large, , , , 
run_40_repetition_16,TODO,drop,Modin,Large, , , , 
run_69_repetition_13,TODO,concat,Pandas,Small, , , , 
run_42_repetition_1,TODO,drop,Dask,Large, , , , 
run_40_repetition_11,TODO,drop,Modin,Large, , , , 
run_42_repetition_3,TODO,drop,Dask,Large, , , , 
run_22_repetition_3,TODO,groupby,Polars,Large, , , , 
run_23_repetition_2,TODO,groupby,Polars,Small, , , , 
run_49_repetition_13,TODO,dropna,Modin,Small, , , , 
run_56_repetition_1,TODO,fillna,Modin,Large, , , , 
run_19_repetition_1,TODO,groupby,Dask,Small, , , , 
run_8_repetition_19,TODO,replace,Modin,Large, , , , 
run_9_repetition_9,TODO,replace,Modin,Small, , , , 
run_3_repetition_11,TODO,isna,Dask,Small, , , , 
run_42_repetition_10,TODO,drop,Dask,Large, , , , 
run_6_repetition_15,TODO,isna,Polars,Large, , , , 
run_38_repetition_12,TODO,mean,Polars,Large, , , , 
run_64_repetition_7,TODO,concat,Modin,Large, , , , 
run_46_repetition_17,TODO,drop,Polars,Large, , , , 
run_69_repetition_11,TODO,concat,Pandas,Small, , , , 
run_36_repetition_3,TODO,mean,Pandas,Large, , , , 
run_50_repetition_18,TODO,dropna,Dask,Large, , , , 
run_68_repetition_13,TODO,concat,Pandas,Large, , , , 
run_59_repetition_1,TODO,fillna,Dask,Small, , , , 
run_67_repetition_0,TODO,concat,Dask,Small, , , , 
run_11_repetition_18,TODO,replace,Dask,Small, , , , 
run_71_repetition_9,TODO,concat,Polars,Small, , , , 
run_30_repetition_11,TODO,sort,Polars,Large, , , , 
run_56_repetition_2,TODO,fillna,Modin,Large, , , , 
run_22_repetition_14,TODO,groupby,Polars,Large, , , , 
run_70_repetition_7,TODO,concat,Polars,Large, , , , 
run_67_repetition_16,TODO,concat,Dask,Small, , , , 
run_33_repetition_13,TODO,mean,Modin,Small, , , , 
run_66_repetition_9,TODO,concat,Dask,Large, , , , 
run_44_repetition_14,TODO,drop,Pandas,Large, , , , 
run_2_repetition_7,TODO,isna,Dask,Large, , , , 
run_53_repetition_2,TODO,dropna,Pandas,Small, , , , 
run_0_repetition_16,TODO,isna,Modin,Large, , , , 
run_12_repetition_7,TODO,replace,Pandas,Large, , , , 
run_46_repetition_16,TODO,drop,Polars,Large, , , , 
run_56_repetition_8,TODO,fillna,Modin,Large, , , , 
run_64_repetition_5,TODO,concat,Modin,Large, , , , 
run_46_repetition_13,TODO,drop,Polars,Large, , , , 
run_41_repetition_1,TODO,drop,Modin,Small, , , , 
run_3_repetition_10,TODO,isna,Dask,Small, , , , 
run_9_repetition_19,TODO,replace,Modin,Small, , , , 
run_16_repetition_7,TODO,groupby,Modin,Large, , , , 
run_39_repetition_14,TODO,mean,Polars,Small, , , , 
run_58_repetition_13,TODO,fillna,Dask,Large, , , , 
run_10_repetition_19,TODO,replace,Dask,Large, , , , 
run_25_repetition_9,TODO,sort,Modin,Small, , , , 
run_32_repetition_3,TODO,mean,Modin,Large, , , , 
run_56_repetition_15,TODO,fillna,Modin,Large, , , , 
run_24_repetition_2,TODO,sort,Modin,Large, , , , 
run_32_repetition_11,TODO,mean,Modin,Large, , , , 
run_20_repetition_4,TODO,groupby,Pandas,Large, , , , 
run_54_repetition_19,TODO,dropna,Polars,Large, , , , 
run_11_repetition_1,TODO,replace,Dask,Small, , , , 
run_6_repetition_19,TODO,isna,Polars,Large, , , , 
run_23_repetition_7,TODO,groupby,Polars,Small, , , , 
run_24_repetition_19,TODO,sort,Modin,Large, , , , 
run_63_repetition_1,TODO,fillna,Polars,Small, , , , 
run_13_repetition_6,TODO,replace,Pandas,Small, , , , 
run_47_repetition_0,TODO,drop,Polars,Small, , , , 
run_36_repetition_2,TODO,mean,Pandas,Large, , , , 
run_68_repetition_12,TODO,concat,Pandas,Large, , , , 
run_40_repetition_4,TODO,drop,Modin,Large, , , , 
run_46_repetition_2,TODO,drop,Polars,Large, , , , 
run_27_repetition_5,TODO,sort,Dask,Small, , , , 
run_23_repetition_6,TODO,groupby,Polars,Small, , , , 
run_55_repetition_11,TODO,dropna,Polars,Small, , , , 
run_56_repetition_11,TODO,fillna,Modin,Large, , , , 
run_11_repetition_9,TODO,replace,Dask,Small, , , , 
run_51_repetition_14,TODO,dropna,Dask,Small, , , , 
run_31_repetition_8,TODO,sort,Polars,Small, , , , 
run_54_repetition_18,TODO,dropna,Polars,Large, , , , 
run_18_repetition_4,TODO,groupby,Dask,Large, , , , 
run_48_repetition_7,TODO,dropna,Modin,Large, , , , 
run_54_repetition_5,TODO,dropna,Polars,Large, , , , 
run_0_repetition_11,TODO,isna,Modin,Large, , , , 
run_62_repetition_15,TODO,fillna,Polars,Large, , , , 
run_18_repetition_13,TODO,groupby,Dask,Large, , , , 
run_54_repetition_0,TODO,dropna,Polars,Large, , , , 
run_24_repetition_6,TODO,sort,Modin,Large, , , , 
run_50_repetition_17,TODO,dropna,Dask,Large, , , , 
run_66_repetition_17,TODO,concat,Dask,Large, , , , 
run_11_repetition_14,TODO,replace,Dask,Small, , , , 
run_43_repetition_14,TODO,drop,Dask,Small, , , , 
run_57_repetition_10,TODO,fillna,Modin,Small, , , , 
run_26_repetition_10,TODO,sort,Dask,Large, , , , 
run_52_repetition_17,TODO,dropna,Pandas,Large, , , , 
run_39_repetition_7,TODO,mean,Polars,Small, , , , 
run_6_repetition_7,TODO,isna,Polars,Large, , , , 
run_65_repetition_2,TODO,concat,Modin,Small, , , , 
run_11_repetition_3,TODO,replace,Dask,Small, , , , 
run_26_repetition_18,TODO,sort,Dask,Large, , , , 
run_51_repetition_15,TODO,dropna,Dask,Small, , , , 
run_59_repetition_10,TODO,fillna,Dask,Small, , , , 
run_51_repetition_1,TODO,dropna,Dask,Small, , , , 
run_12_repetition_13,TODO,replace,Pandas,Large, , , , 
run_43_repetition_5,TODO,drop,Dask,Small, , , , 
run_41_repetition_2,TODO,drop,Modin,Small, , , , 
run_49_repetition_12,TODO,dropna,Modin,Small, , , , 
run_18_repetition_17,TODO,groupby,Dask,Large, , , , 
run_31_repetition_9,TODO,sort,Polars,Small, , , , 
run_22_repetition_19,TODO,groupby,Polars,Large, , , , 
run_66_repetition_15,TODO,concat,Dask,Large, , , , 
run_41_repetition_15,TODO,drop,Modin,Small, , , , 
run_10_repetition_8,TODO,replace,Dask,Large, , , , 
run_2_repetition_10,TODO,isna,Dask,Large, , , , 
run_42_repetition_19,TODO,drop,Dask,Large, , , , 
run_3_repetition_9,TODO,isna,Dask,Small, , , , 
run_14_repetition_15,TODO,replace,Polars,Large, , , , 
run_48_repetition_14,TODO,dropna,Modin,Large, , , , 
run_65_repetition_4,TODO,concat,Modin,Small, , , , 
run_54_repetition_6,TODO,dropna,Polars,Large, , , , 
run_59_repetition_17,TODO,fillna,Dask,Small, , , , 
run_13_repetition_12,TODO,replace,Pandas,Small, , , , 
run_36_repetition_10,TODO,mean,Pandas,Large, , , , 
run_66_repetition_2,TODO,concat,Dask,Large, , , , 
run_34_repetition_1,TODO,mean,Dask,Large, , , , 
run_18_repetition_8,TODO,groupby,Dask,Large, , , , 
run_11_repetition_0,TODO,replace,Dask,Small, , , , 
run_71_repetition_11,TODO,concat,Polars,Small, , , , 
run_28_repetition_15,TODO,sort,Pandas,Large, , , , 
run_51_repetition_13,TODO,dropna,Dask,Small, , , , 
run_57_repetition_0,TODO,fillna,Modin,Small, , , , 
run_64_repetition_1,TODO,concat,Modin,Large, , , , 
run_2_repetition_13,TODO,isna,Dask,Large, , , , 
run_23_repetition_0,TODO,groupby,Polars,Small, , , , 
run_23_repetition_4,TODO,groupby,Polars,Small, , , , 
run_7_repetition_8,TODO,isna,Polars,Small, , , , 
run_24_repetition_12,TODO,sort,Modin,Large, , , , 
run_37_repetition_0,TODO,mean,Pandas,Small, , , , 
run_55_repetition_10,TODO,dropna,Polars,Small, , , , 
run_28_repetition_2,TODO,sort,Pandas,Large, , , , 
run_68_repetition_1,TODO,concat,Pandas,Large, , , , 
run_35_repetition_0,TODO,mean,Dask,Small, , , , 
run_50_repetition_2,TODO,dropna,Dask,Large, , , , 
run_13_repetition_2,TODO,replace,Pandas,Small, , , , 
run_64_repetition_18,TODO,concat,Modin,Large, , , , 
run_8_repetition_12,TODO,replace,Modin,Large, , , , 
run_56_repetition_5,TODO,fillna,Modin,Large, , , , 
run_26_repetition_17,TODO,sort,Dask,Large, , , , 
run_60_repetition_18,TODO,fillna,Pandas,Large, , , , 
run_27_repetition_11,TODO,sort,Dask,Small, , , , 
run_49_repetition_0,TODO,dropna,Modin,Small, , , , 
run_21_repetition_17,TODO,groupby,Pandas,Small, , , , 
run_22_repetition_15,TODO,groupby,Polars,Large, , , , 
run_19_repetition_10,TODO,groupby,Dask,Small, , , , 
run_38_repetition_2,TODO,mean,Polars,Large, , , , 
run_62_repetition_9,TODO,fillna,Polars,Large, , , , 
run_35_repetition_2,TODO,mean,Dask,Small, , , , 
run_55_repetition_14,TODO,dropna,Polars,Small, , , , 
run_5_repetition_11,TODO,isna,Pandas,Small, , , , 
run_36_repetition_14,TODO,mean,Pandas,Large, , , , 
run_57_repetition_9,TODO,fillna,Modin,Small, , , , 
run_54_repetition_2,TODO,dropna,Polars,Large, , , , 
run_8_repetition_0,TODO,replace,Modin,Large, , , , 
run_37_repetition_14,TODO,mean,Pandas,Small, , , , 
run_37_repetition_16,TODO,mean,Pandas,Small, , , , 
run_5_repetition_19,TODO,isna,Pandas,Small, , , , 
run_58_repetition_17,TODO,fillna,Dask,Large, , , , 
run_48_repetition_0,TODO,dropna,Modin,Large, , , , 
run_23_repetition_12,TODO,groupby,Polars,Small, , , , 
run_37_repetition_19,TODO,mean,Pandas,Small, , , , 
run_23_repetition_13,TODO,groupby,Polars,Small, , , , 
run_39_repetition_2,TODO,mean,Polars,Small, , , , 
run_60_repetition_15,TODO,fillna,Pandas,Large, , , , 
run_47_repetition_14,TODO,drop,Polars,Small, , , , 
run_3_repetition_6,TODO,isna,Dask,Small, , , , 
run_33_repetition_3,TODO,mean,Modin,Small, , , , 
run_46_repetition_8,TODO,drop,Polars,Large, , , , 
run_63_repetition_15,TODO,fillna,Polars,Small, , , , 
run_22_repetition_6,TODO,groupby,Polars,Large, , , , 
run_15_repetition_0,TODO,replace,Polars,Small, , , , 
run_41_repetition_11,TODO,drop,Modin,Small, , , , 
run_41_repetition_0,TODO,drop,Modin,Small, , , , 
run_65_repetition_9,TODO,concat,Modin,Small, , , , 
run_67_repetition_15,TODO,concat,Dask,Small, , , , 
run_34_repetition_11,TODO,mean,Dask,Large, , , , 
run_69_repetition_15,TODO,concat,Pandas,Small, , , , 
run_56_repetition_0,TODO,fillna,Modin,Large, , , , 
run_62_repetition_8,TODO,fillna,Polars,Large, , , , 
run_36_repetition_13,TODO,mean,Pandas,Large, , , , 
run_46_repetition_3,TODO,drop,Polars,Large, , , , 
run_64_repetition_4,TODO,concat,Modin,Large, , , , 
run_23_repetition_1,TODO,groupby,Polars,Small, , , , 
run_61_repetition_13,TODO,fillna,Pandas,Small, , , , 
run_60_repetition_2,TODO,fillna,Pandas,Large, , , , 
run_19_repetition_17,TODO,groupby,Dask,Small, , , , 
run_70_repetition_14,TODO,concat,Polars,Large, , , , 
run_42_repetition_16,TODO,drop,Dask,Large, , , , 
run_29_repetition_12,TODO,sort,Pandas,Small, , , , 
run_9_repetition_8,TODO,replace,Modin,Small, , , , 
run_38_repetition_14,TODO,mean,Polars,Large, , , , 
run_46_repetition_15,TODO,drop,Polars,Large, , , , 
run_68_repetition_11,TODO,concat,Pandas,Large, , , , 
run_71_repetition_1,TODO,concat,Polars,Small, , , , 
run_51_repetition_12,TODO,dropna,Dask,Small, , , , 
run_61_repetition_19,TODO,fillna,Pandas,Small, , , , 
run_57_repetition_6,TODO,fillna,Modin,Small, , , , 
run_23_repetition_14,TODO,groupby,Polars,Small, , , , 
run_67_repetition_18,TODO,concat,Dask,Small, , , , 
run_13_repetition_18,TODO,replace,Pandas,Small, , , , 
run_16_repetition_11,TODO,groupby,Modin,Large, , , , 
run_19_repetition_12,TODO,groupby,Dask,Small, , , , 
run_3_repetition_1,TODO,isna,Dask,Small, , , , 
run_61_repetition_1,TODO,fillna,Pandas,Small, , , , 
run_68_repetition_6,TODO,concat,Pandas,Large, , , , 
run_3_repetition_16,TODO,isna,Dask,Small, , , , 
run_28_repetition_16,TODO,sort,Pandas,Large, , , , 
run_62_repetition_7,TODO,fillna,Polars,Large, , , , 
run_68_repetition_8,TODO,concat,Pandas,Large, , , , 
run_25_repetition_8,TODO,sort,Modin,Small, , , , 
run_8_repetition_15,TODO,replace,Modin,Large, , , , 
run_37_repetition_9,TODO,mean,Pandas,Small, , , , 
run_64_repetition_6,TODO,concat,Modin,Large, , , , 
run_58_repetition_5,TODO,fillna,Dask,Large, , , , 
run_1_repetition_7,TODO,isna,Modin,Small, , , , 
run_47_repetition_2,TODO,drop,Polars,Small, , , , 
run_33_repetition_0,TODO,mean,Modin,Small, , , , 
run_65_repetition_1,TODO,concat,Modin,Small, , , , 
run_65_repetition_13,TODO,concat,Modin,Small, , , , 
run_12_repetition_12,TODO,replace,Pandas,Large, , , , 
run_44_repetition_11,TODO,drop,Pandas,Large, , , , 
run_46_repetition_4,TODO,drop,Polars,Large, , , , 
run_17_repetition_14,TODO,groupby,Modin,Small, , , , 
run_52_repetition_4,TODO,dropna,Pandas,Large, , , , 
run_16_repetition_12,TODO,groupby,Modin,Large, , , , 
run_45_repetition_11,TODO,drop,Pandas,Small, , , , 
run_7_repetition_19,TODO,isna,Polars,Small, , , , 
run_11_repetition_11,TODO,replace,Dask,Small, , , , 
run_18_repetition_9,TODO,groupby,Dask,Large, , , , 
run_17_repetition_13,TODO,groupby,Modin,Small, , , , 
run_13_repetition_14,TODO,replace,Pandas,Small, , , , 
run_16_repetition_16,TODO,groupby,Modin,Large, , , , 
run_70_repetition_10,TODO,concat,Polars,Large, , , , 
run_49_repetition_9,TODO,dropna,Modin,Small, , , , 
run_55_repetition_12,TODO,dropna,Polars,Small, , , , 
run_0_repetition_5,TODO,isna,Modin,Large, , , , 
run_21_repetition_14,TODO,groupby,Pandas,Small, , , , 
run_46_repetition_1,TODO,drop,Polars,Large, , , , 
run_40_repetition_6,TODO,drop,Modin,Large, , , , 
run_56_repetition_3,TODO,fillna,Modin,Large, , , , 
run_45_repetition_1,TODO,drop,Pandas,Small, , , , 
run_0_repetition_3,TODO,isna,Modin,Large, , , , 
run_1_repetition_1,TODO,isna,Modin,Small, , , , 
run_54_repetition_11,TODO,dropna,Polars,Large, , , , 
run_61_repetition_15,TODO,fillna,Pandas,Small, , , , 
run_69_repetition_7,TODO,concat,Pandas,Small, , , , 
run_67_repetition_13,TODO,concat,Dask,Small, , , , 
run_44_repetition_7,TODO,drop,Pandas,Large, , , , 
run_55_repetition_17,TODO,dropna,Polars,Small, , , , 
run_50_repetition_19,TODO,dropna,Dask,Large, , , , 
run_62_repetition_16,TODO,fillna,Polars,Large, , , , 
run_28_repetition_9,TODO,sort,Pandas,Large, , , , 
run_0_repetition_14,TODO,isna,Modin,Large, , , , 
run_67_repetition_19,TODO,concat,Dask,Small, , , , 
run_44_repetition_12,TODO,drop,Pandas,Large, , , , 
run_6_repetition_11,TODO,isna,Polars,Large, , , , 
run_20_repetition_13,TODO,groupby,Pandas,Large, , , , 
run_21_repetition_9,TODO,groupby,Pandas,Small, , , , 
run_46_repetition_0,TODO,drop,Polars,Large, , , , 
run_59_repetition_16,TODO,fillna,Dask,Small, , , , 
run_71_repetition_12,TODO,concat,Polars,Small, , , , 
run_61_repetition_10,TODO,fillna,Pandas,Small, , , , 
run_34_repetition_15,TODO,mean,Dask,Large, , , , 
run_41_repetition_9,TODO,drop,Modin,Small, , , , 
run_23_repetition_15,TODO,groupby,Polars,Small, , , , 
run_37_repetition_3,TODO,mean,Pandas,Small, , , , 
run_21_repetition_12,TODO,groupby,Pandas,Small, , , , 
run_32_repetition_7,TODO,mean,Modin,Large, , , , 
run_52_repetition_6,TODO,dropna,Pandas,Large, , , , 
run_64_repetition_12,TODO,concat,Modin,Large, , , , 
run_62_repetition_10,TODO,fillna,Polars,Large, , , , 
run_34_repetition_10,TODO,mean,Dask,Large, , , , 
run_39_repetition_8,TODO,mean,Polars,Small, , , , 
run_11_repetition_15,TODO,replace,Dask,Small, , , , 
run_61_repetition_14,TODO,fillna,Pandas,Small, , , , 
run_1_repetition_15,TODO,isna,Modin,Small, , , , 
run_30_repetition_6,TODO,sort,Polars,Large, , , , 
run_26_repetition_4,TODO,sort,Dask,Large, , , , 
run_35_repetition_19,TODO,mean,Dask,Small, , , , 
run_35_repetition_11,TODO,mean,Dask,Small, , , , 
run_9_repetition_1,TODO,replace,Modin,Small, , , , 
run_32_repetition_8,TODO,mean,Modin,Large, , , , 
run_13_repetition_19,TODO,replace,Pandas,Small, , , , 
run_49_repetition_14,TODO,dropna,Modin,Small, , , , 
run_10_repetition_15,TODO,replace,Dask,Large, , , , 
run_50_repetition_9,TODO,dropna,Dask,Large, , , , 
run_16_repetition_10,TODO,groupby,Modin,Large, , , , 
run_15_repetition_17,TODO,replace,Polars,Small, , , , 
run_56_repetition_12,TODO,fillna,Modin,Large, , , , 
run_22_repetition_5,TODO,groupby,Polars,Large, , , , 
run_18_repetition_14,TODO,groupby,Dask,Large, , , , 
run_30_repetition_4,TODO,sort,Polars,Large, , , , 
run_48_repetition_19,TODO,dropna,Modin,Large, , , , 
run_11_repetition_4,TODO,replace,Dask,Small, , , , 
run_16_repetition_15,TODO,groupby,Modin,Large, , , , 
run_0_repetition_4,TODO,isna,Modin,Large, , , , 
run_10_repetition_17,TODO,replace,Dask,Large, , , , 
run_59_repetition_11,TODO,fillna,Dask,Small, , , , 
run_49_repetition_16,TODO,dropna,Modin,Small, , , , 
run_39_repetition_5,TODO,mean,Polars,Small, , , , 
run_36_repetition_6,TODO,mean,Pandas,Large, , , , 
run_13_repetition_1,TODO,replace,Pandas,Small, , , , 
run_5_repetition_16,TODO,isna,Pandas,Small, , , , 
run_10_repetition_3,TODO,replace,Dask,Large, , , , 
run_12_repetition_8,TODO,replace,Pandas,Large, , , , 
run_22_repetition_7,TODO,groupby,Polars,Large, , , , 
run_22_repetition_16,TODO,groupby,Polars,Large, , , , 
run_16_repetition_6,TODO,groupby,Modin,Large, , , , 
run_70_repetition_3,TODO,concat,Polars,Large, , , , 
run_70_repetition_12,TODO,concat,Polars,Large, , , , 
run_1_repetition_13,TODO,isna,Modin,Small, , , , 
run_49_repetition_18,TODO,dropna,Modin,Small, , , , 
run_67_repetition_14,TODO,concat,Dask,Small, , , , 
run_54_repetition_7,TODO,dropna,Polars,Large, , , , 
run_58_repetition_10,TODO,fillna,Dask,Large, , , , 
run_17_repetition_5,TODO,groupby,Modin,Small, , , , 
run_55_repetition_7,TODO,dropna,Polars,Small, , , , 
run_17_repetition_8,TODO,groupby,Modin,Small, , , , 
run_5_repetition_2,TODO,isna,Pandas,Small, , , , 
run_18_repetition_15,TODO,groupby,Dask,Large, , , , 
run_50_repetition_7,TODO,dropna,Dask,Large, , , , 
run_27_repetition_6,TODO,sort,Dask,Small, , , , 
run_4_repetition_12,TODO,isna,Pandas,Large, , , , 
run_12_repetition_14,TODO,replace,Pandas,Large, , , , 
run_45_repetition_0,TODO,drop,Pandas,Small, , , , 
run_46_repetition_14,TODO,drop,Polars,Large, , , , 
run_36_repetition_7,TODO,mean,Pandas,Large, , , , 
run_28_repetition_1,TODO,sort,Pandas,Large, , , , 
run_22_repetition_9,TODO,groupby,Polars,Large, , , , 
run_15_repetition_15,TODO,replace,Polars,Small, , , , 
run_52_repetition_14,TODO,dropna,Pandas,Large, , , , 
run_18_repetition_18,TODO,groupby,Dask,Large, , , , 
run_30_repetition_1,TODO,sort,Polars,Large, , , , 
run_60_repetition_16,TODO,fillna,Pandas,Large, , , , 
run_21_repetition_19,TODO,groupby,Pandas,Small, , , , 
run_31_repetition_2,TODO,sort,Polars,Small, , , , 
run_51_repetition_19,TODO,dropna,Dask,Small, , , , 
run_15_repetition_14,TODO,replace,Polars,Small, , , , 
run_11_repetition_12,TODO,replace,Dask,Small, , , , 
run_63_repetition_4,TODO,fillna,Polars,Small, , , , 
run_34_repetition_17,TODO,mean,Dask,Large, , , , 
run_17_repetition_10,TODO,groupby,Modin,Small, , , , 
run_25_repetition_11,TODO,sort,Modin,Small, , , , 
run_52_repetition_2,TODO,dropna,Pandas,Large, , , , 
run_64_repetition_15,TODO,concat,Modin,Large, , , , 
run_21_repetition_13,TODO,groupby,Pandas,Small, , , , 
run_10_repetition_14,TODO,replace,Dask,Large, , , , 
run_54_repetition_17,TODO,dropna,Polars,Large, , , , 
run_30_repetition_12,TODO,sort,Polars,Large, , , , 
run_71_repetition_7,TODO,concat,Polars,Small, , , , 
run_24_repetition_0,TODO,sort,Modin,Large, , , , 
run_60_repetition_19,TODO,fillna,Pandas,Large, , , , 
run_28_repetition_19,TODO,sort,Pandas,Large, , , , 
run_57_repetition_14,TODO,fillna,Modin,Small, , , , 
run_57_repetition_2,TODO,fillna,Modin,Small, , , , 
run_14_repetition_11,TODO,replace,Polars,Large, , , , 
run_7_repetition_3,TODO,isna,Polars,Small, , , , 
run_19_repetition_4,TODO,groupby,Dask,Small, , , , 
run_18_repetition_16,TODO,groupby,Dask,Large, , , , 
run_2_repetition_1,TODO,isna,Dask,Large, , , , 
run_42_repetition_13,TODO,drop,Dask,Large, , , , 
run_25_repetition_4,TODO,sort,Modin,Small, , , , 
run_59_repetition_7,TODO,fillna,Dask,Small, , , , 
run_21_repetition_2,TODO,groupby,Pandas,Small, , , , 
run_70_repetition_4,TODO,concat,Polars,Large, , , , 
run_36_repetition_15,TODO,mean,Pandas,Large, , , , 
run_15_repetition_8,TODO,replace,Polars,Small, , , , 
run_62_repetition_12,TODO,fillna,Polars,Large, , , , 
run_62_repetition_5,TODO,fillna,Polars,Large, , , , 
run_4_repetition_1,TODO,isna,Pandas,Large, , , , 
run_11_repetition_16,TODO,replace,Dask,Small, , , , 
run_59_repetition_5,TODO,fillna,Dask,Small, , , , 
run_65_repetition_18,TODO,concat,Modin,Small, , , , 
run_43_repetition_10,TODO,drop,Dask,Small, , , , 
run_70_repetition_18,TODO,concat,Polars,Large, , , , 
run_33_repetition_9,TODO,mean,Modin,Small, , , , 
run_6_repetition_1,TODO,isna,Polars,Large, , , , 
run_10_repetition_4,TODO,replace,Dask,Large, , , , 
run_16_repetition_5,TODO,groupby,Modin,Large, , , , 
run_64_repetition_13,TODO,concat,Modin,Large, , , , 
run_5_repetition_0,TODO,isna,Pandas,Small, , , , 
run_53_repetition_13,TODO,dropna,Pandas,Small, , , , 
run_46_repetition_11,TODO,drop,Polars,Large, , , , 
run_35_repetition_15,TODO,mean,Dask,Small, , , , 
run_30_repetition_15,TODO,sort,Polars,Large, , , , 
run_41_repetition_4,TODO,drop,Modin,Small, , , , 
run_43_repetition_0,TODO,drop,Dask,Small, , , , 
run_10_repetition_6,TODO,replace,Dask,Large, , , , 
run_36_repetition_19,TODO,mean,Pandas,Large, , , , 
run_11_repetition_7,TODO,replace,Dask,Small, , , , 
run_27_repetition_7,TODO,sort,Dask,Small, , , , 
run_39_repetition_11,TODO,mean,Polars,Small, , , , 
run_55_repetition_4,TODO,dropna,Polars,Small, , , , 
run_43_repetition_15,TODO,drop,Dask,Small, , , , 
run_58_repetition_7,TODO,fillna,Dask,Large, , , , 
run_35_repetition_10,TODO,mean,Dask,Small, , , , 
run_44_repetition_3,TODO,drop,Pandas,Large, , , , 
run_43_repetition_4,TODO,drop,Dask,Small, , , , 
run_63_repetition_2,TODO,fillna,Polars,Small, , , , 
run_31_repetition_1,TODO,sort,Polars,Small, , , , 
run_31_repetition_12,TODO,sort,Polars,Small, , , , 
run_44_repetition_16,TODO,drop,Pandas,Large, , , , 
run_51_repetition_9,TODO,dropna,Dask,Small, , , , 
run_44_repetition_5,TODO,drop,Pandas,Large, , , , 
run_15_repetition_13,TODO,replace,Polars,Small, , , , 
run_5_repetition_9,TODO,isna,Pandas,Small, , , , 
run_50_repetition_1,TODO,dropna,Dask,Large, , , , 
run_17_repetition_6,TODO,groupby,Modin,Small, , , , 
run_33_repetition_16,TODO,mean,Modin,Small, , , , 
run_22_repetition_0,TODO,groupby,Polars,Large, , , , 
run_6_repetition_4,TODO,isna,Polars,Large, , , , 
run_31_repetition_16,TODO,sort,Polars,Small, , , , 
run_5_repetition_1,TODO,isna,Pandas,Small, , , , 
run_11_repetition_6,TODO,replace,Dask,Small, , , , 
run_40_repetition_8,TODO,drop,Modin,Large, , , , 
run_38_repetition_13,TODO,mean,Polars,Large, , , , 
run_20_repetition_7,TODO,groupby,Pandas,Large, , , , 
run_24_repetition_10,TODO,sort,Modin,Large, , , , 
run_47_repetition_12,TODO,drop,Polars,Small, , , , 
run_27_repetition_15,TODO,sort,Dask,Small, , , , 
run_40_repetition_18,TODO,drop,Modin,Large, , , , 
run_10_repetition_5,TODO,replace,Dask,Large, , , , 
run_6_repetition_2,TODO,isna,Polars,Large, , , , 
run_62_repetition_14,TODO,fillna,Polars,Large, , , , 
run_64_repetition_19,TODO,concat,Modin,Large, , , , 
run_36_repetition_9,TODO,mean,Pandas,Large, , , , 
run_23_repetition_17,TODO,groupby,Polars,Small, , , , 
run_20_repetition_14,TODO,groupby,Pandas,Large, , , , 
run_3_repetition_0,TODO,isna,Dask,Small, , , , 
run_14_repetition_14,TODO,replace,Polars,Large, , , , 
run_9_repetition_2,TODO,replace,Modin,Small, , , , 
run_44_repetition_2,TODO,drop,Pandas,Large, , , , 
run_21_repetition_4,TODO,groupby,Pandas,Small, , , , 
run_39_repetition_13,TODO,mean,Polars,Small, , , , 
run_3_repetition_15,TODO,isna,Dask,Small, , , , 
run_66_repetition_0,TODO,concat,Dask,Large, , , , 
run_1_repetition_14,TODO,isna,Modin,Small, , , , 
run_4_repetition_16,TODO,isna,Pandas,Large, , , , 
run_15_repetition_11,TODO,replace,Polars,Small, , , , 
run_4_repetition_14,TODO,isna,Pandas,Large, , , , 
run_58_repetition_18,TODO,fillna,Dask,Large, , , , 
run_8_repetition_10,TODO,replace,Modin,Large, , , , 
run_21_repetition_0,TODO,groupby,Pandas,Small, , , , 
run_60_repetition_11,TODO,fillna,Pandas,Large, , , , 
run_20_repetition_19,TODO,groupby,Pandas,Large, , , , 
run_37_repetition_1,TODO,mean,Pandas,Small, , , , 
run_48_repetition_10,TODO,dropna,Modin,Large, , , , 
run_14_repetition_7,TODO,replace,Polars,Large, , , , 
run_44_repetition_19,TODO,drop,Pandas,Large, , , , 
run_40_repetition_5,TODO,drop,Modin,Large, , , , 
run_61_repetition_5,TODO,fillna,Pandas,Small, , , , 
run_36_repetition_8,TODO,mean,Pandas,Large, , , , 
run_4_repetition_19,TODO,isna,Pandas,Large, , , , 
run_44_repetition_10,TODO,drop,Pandas,Large, , , , 
run_15_repetition_7,TODO,replace,Polars,Small, , , , 
run_12_repetition_19,TODO,replace,Pandas,Large, , , , 
run_48_repetition_6,TODO,dropna,Modin,Large, , , , 
run_36_repetition_17,TODO,mean,Pandas,Large, , , , 
run_28_repetition_17,TODO,sort,Pandas,Large, , , , 
run_32_repetition_1,TODO,mean,Modin,Large, , , , 
run_28_repetition_8,TODO,sort,Pandas,Large, , , , 
run_59_repetition_13,TODO,fillna,Dask,Small, , , , 
run_53_repetition_19,TODO,dropna,Pandas,Small, , , , 
run_44_repetition_4,TODO,drop,Pandas,Large, , , , 
run_8_repetition_1,TODO,replace,Modin,Large, , , , 
run_15_repetition_1,TODO,replace,Polars,Small, , , , 
run_14_repetition_19,TODO,replace,Polars,Large, , , , 
run_11_repetition_13,TODO,replace,Dask,Small, , , , 
run_12_repetition_0,TODO,replace,Pandas,Large, , , , 
run_47_repetition_6,TODO,drop,Polars,Small, , , , 
run_43_repetition_1,TODO,drop,Dask,Small, , , , 
run_53_repetition_18,TODO,dropna,Pandas,Small, , , , 
run_60_repetition_13,TODO,fillna,Pandas,Large, , , , 
run_54_repetition_12,TODO,dropna,Polars,Large, , , , 
run_14_repetition_17,TODO,replace,Polars,Large, , , , 
run_14_repetition_9,TODO,replace,Polars,Large, , , , 
run_1_repetition_11,TODO,isna,Modin,Small, , , , 
run_45_repetition_7,TODO,drop,Pandas,Small, , , , 
run_29_repetition_19,TODO,sort,Pandas,Small, , , , 
run_50_repetition_0,TODO,dropna,Dask,Large, , , , 
run_6_repetition_13,TODO,isna,Polars,Large, , , , 
run_4_repetition_18,TODO,isna,Pandas,Large, , , , 
run_3_repetition_3,TODO,isna,Dask,Small, , , , 
run_17_repetition_17,TODO,groupby,Modin,Small, , , , 
run_13_repetition_11,TODO,replace,Pandas,Small, , , , 
run_61_repetition_7,TODO,fillna,Pandas,Small, , , , 
run_23_repetition_16,TODO,groupby,Polars,Small, , , , 
run_40_repetition_3,TODO,drop,Modin,Large, , , , 
run_52_repetition_19,TODO,dropna,Pandas,Large, , , , 
run_32_repetition_13,TODO,mean,Modin,Large, , , , 
run_24_repetition_17,TODO,sort,Modin,Large, , , , 
run_4_repetition_17,TODO,isna,Pandas,Large, , , , 
run_49_repetition_7,TODO,dropna,Modin,Small, , , , 
run_40_repetition_7,TODO,drop,Modin,Large, , , , 
run_32_repetition_15,TODO,mean,Modin,Large, , , , 
run_62_repetition_1,TODO,fillna,Polars,Large, , , , 
run_10_repetition_7,TODO,replace,Dask,Large, , , , 
run_37_repetition_6,TODO,mean,Pandas,Small, , , , 
run_51_repetition_10,TODO,dropna,Dask,Small, , , , 
run_60_repetition_0,TODO,fillna,Pandas,Large, , , , 
run_68_repetition_4,TODO,concat,Pandas,Large, , , , 
run_53_repetition_7,TODO,dropna,Pandas,Small, , , , 
run_67_repetition_8,TODO,concat,Dask,Small, , , , 
run_15_repetition_5,TODO,replace,Polars,Small, , , , 
run_71_repetition_17,TODO,concat,Polars,Small, , , , 
run_54_repetition_14,TODO,dropna,Polars,Large, , , , 
run_44_repetition_8,TODO,drop,Pandas,Large, , , , 
run_54_repetition_1,TODO,dropna,Polars,Large, , , , 
run_32_repetition_4,TODO,mean,Modin,Large, , , , 
run_39_repetition_19,TODO,mean,Polars,Small, , , , 
run_7_repetition_16,TODO,isna,Polars,Small, , , , 
run_7_repetition_17,TODO,isna,Polars,Small, , , , 
run_21_repetition_10,TODO,groupby,Pandas,Small, , , , 
run_58_repetition_1,TODO,fillna,Dask,Large, , , , 
run_46_repetition_12,TODO,drop,Polars,Large, , , , 
run_33_repetition_4,TODO,mean,Modin,Small, , , , 
run_49_repetition_3,TODO,dropna,Modin,Small, , , , 
run_37_repetition_7,TODO,mean,Pandas,Small, , , , 
run_5_repetition_8,TODO,isna,Pandas,Small, , , , 
run_0_repetition_0,TODO,isna,Modin,Large, , , , 
run_3_repetition_12,TODO,isna,Dask,Small, , , , 
run_31_repetition_13,TODO,sort,Polars,Small, , , , 
run_6_repetition_9,TODO,isna,Polars,Large, , , , 
run_19_repetition_0,TODO,groupby,Dask,Small, , , , 
run_51_repetition_0,TODO,dropna,Dask,Small, , , , 
run_3_repetition_13,TODO,isna,Dask,Small, , , , 
run_70_repetition_13,TODO,concat,Polars,Large, , , , 
run_20_repetition_6,TODO,groupby,Pandas,Large, , , , 
run_28_repetition_12,TODO,sort,Pandas,Large, , , , 
run_68_repetition_17,TODO,concat,Pandas,Large, , , , 
run_29_repetition_3,TODO,sort,Pandas,Small, , , , 
run_24_repetition_18,TODO,sort,Modin,Large, , , , 
run_44_repetition_1,TODO,drop,Pandas,Large, , , , 
run_44_repetition_17,TODO,drop,Pandas,Large, , , , 
run_49_repetition_6,TODO,dropna,Modin,Small, , , , 
run_63_repetition_13,TODO,fillna,Polars,Small, , , , 
run_21_repetition_1,TODO,groupby,Pandas,Small, , , , 
run_13_repetition_9,TODO,replace,Pandas,Small, , , , 
run_22_repetition_1,TODO,groupby,Polars,Large, , , , 
run_53_repetition_16,TODO,dropna,Pandas,Small, , , , 
run_58_repetition_14,TODO,fillna,Dask,Large, , , , 
run_34_repetition_18,TODO,mean,Dask,Large, , , , 
run_2_repetition_9,TODO,isna,Dask,Large, , , , 
run_5_repetition_17,TODO,isna,Pandas,Small, , , , 
run_35_repetition_12,TODO,mean,Dask,Small, , , , 
run_10_repetition_2,TODO,replace,Dask,Large, , , , 
run_29_repetition_4,TODO,sort,Pandas,Small, , , , 
run_45_repetition_14,TODO,drop,Pandas,Small, , , , 
run_25_repetition_3,TODO,sort,Modin,Small, , , , 
run_4_repetition_7,TODO,isna,Pandas,Large, , , , 
run_45_repetition_15,TODO,drop,Pandas,Small, , , , 
run_23_repetition_3,TODO,groupby,Polars,Small, , , , 
run_25_repetition_6,TODO,sort,Modin,Small, , , , 
run_50_repetition_10,TODO,dropna,Dask,Large, , , , 
run_47_repetition_4,TODO,drop,Polars,Small, , , , 
run_37_repetition_2,TODO,mean,Pandas,Small, , , , 
run_57_repetition_12,TODO,fillna,Modin,Small, , , , 
run_28_repetition_13,TODO,sort,Pandas,Large, , , , 
run_39_repetition_0,TODO,mean,Polars,Small, , , , 
run_8_repetition_8,TODO,replace,Modin,Large, , , , 
run_16_repetition_4,TODO,groupby,Modin,Large, , , , 
run_48_repetition_5,TODO,dropna,Modin,Large, , , , 
run_47_repetition_15,TODO,drop,Polars,Small, , , , 
run_38_repetition_17,TODO,mean,Polars,Large, , , , 
run_52_repetition_5,TODO,dropna,Pandas,Large, , , , 
run_62_repetition_19,TODO,fillna,Polars,Large, , , , 
run_68_repetition_7,TODO,concat,Pandas,Large, , , , 
run_42_repetition_11,TODO,drop,Dask,Large, , , , 
run_23_repetition_18,TODO,groupby,Polars,Small, , , , 
run_37_repetition_17,TODO,mean,Pandas,Small, , , , 
run_46_repetition_5,TODO,drop,Polars,Large, , , , 
run_63_repetition_0,TODO,fillna,Polars,Small, , , , 
run_0_repetition_10,TODO,isna,Modin,Large, , , , 
run_42_repetition_7,TODO,drop,Dask,Large, , , , 
run_40_repetition_2,TODO,drop,Modin,Large, , , , 
run_1_repetition_16,TODO,isna,Modin,Small, , , , 
run_61_repetition_4,TODO,fillna,Pandas,Small, , , , 
run_61_repetition_11,TODO,fillna,Pandas,Small, , , , 
run_16_repetition_13,TODO,groupby,Modin,Large, , , , 
run_63_repetition_5,TODO,fillna,Polars,Small, , , , 
run_53_repetition_1,TODO,dropna,Pandas,Small, , , , 
run_39_repetition_15,TODO,mean,Polars,Small, , , , 
run_4_repetition_8,TODO,isna,Pandas,Large, , , , 
run_60_repetition_4,TODO,fillna,Pandas,Large, , , , 
run_57_repetition_16,TODO,fillna,Modin,Small, , , , 
run_3_repetition_7,TODO,isna,Dask,Small, , , , 
run_67_repetition_11,TODO,concat,Dask,Small, , , , 
run_67_repetition_6,TODO,concat,Dask,Small, , , , 
run_17_repetition_19,TODO,groupby,Modin,Small, , , , 
run_8_repetition_3,TODO,replace,Modin,Large, , , , 
run_22_repetition_17,TODO,groupby,Polars,Large, , , , 
run_42_repetition_14,TODO,drop,Dask,Large, , , , 
run_0_repetition_13,TODO,isna,Modin,Large, , , , 
run_47_repetition_5,TODO,drop,Polars,Small, , , , 
run_3_repetition_17,TODO,isna,Dask,Small, , , , 
run_47_repetition_1,TODO,drop,Polars,Small, , , , 
run_21_repetition_6,TODO,groupby,Pandas,Small, , , , 
run_24_repetition_3,TODO,sort,Modin,Large, , , , 
run_7_repetition_1,TODO,isna,Polars,Small, , , , 
run_47_repetition_11,TODO,drop,Polars,Small, , , , 
run_13_repetition_4,TODO,replace,Pandas,Small, , , , 
run_42_repetition_6,TODO,drop,Dask,Large, , , , 
run_41_repetition_12,TODO,drop,Modin,Small, , , , 
run_37_repetition_5,TODO,mean,Pandas,Small, , , , 
run_69_repetition_1,TODO,concat,Pandas,Small, , , , 
run_36_repetition_12,TODO,mean,Pandas,Large, , , , 
run_53_repetition_9,TODO,dropna,Pandas,Small, , , , 
run_12_repetition_6,TODO,replace,Pandas,Large, , , , 
run_64_repetition_10,TODO,concat,Modin,Large, , , , 
run_38_repetition_11,TODO,mean,Polars,Large, , , , 
run_33_repetition_15,TODO,mean,Modin,Small, , , , 
run_13_repetition_8,TODO,replace,Pandas,Small, , , , 
run_32_repetition_14,TODO,mean,Modin,Large, , , , 
run_18_repetition_3,TODO,groupby,Dask,Large, , , , 
run_64_repetition_2,TODO,concat,Modin,Large, , , , 
run_45_repetition_8,TODO,drop,Pandas,Small, , , , 
run_54_repetition_3,TODO,dropna,Polars,Large, , , , 
run_36_repetition_5,TODO,mean,Pandas,Large, , , , 
run_11_repetition_17,TODO,replace,Dask,Small, , , , 
run_20_repetition_11,TODO,groupby,Pandas,Large, , , , 
run_37_repetition_8,TODO,mean,Pandas,Small, , , , 
run_39_repetition_9,TODO,mean,Polars,Small, , , , 
run_70_repetition_11,TODO,concat,Polars,Large, , , , 
run_63_repetition_7,TODO,fillna,Polars,Small, , , , 
run_66_repetition_19,TODO,concat,Dask,Large, , , , 
run_27_repetition_2,TODO,sort,Dask,Small, , , , 
run_59_repetition_2,TODO,fillna,Dask,Small, , , , 
run_69_repetition_9,TODO,concat,Pandas,Small, , , , 
run_43_repetition_13,TODO,drop,Dask,Small, , , , 
run_69_repetition_19,TODO,concat,Pandas,Small, , , , 
run_40_repetition_17,TODO,drop,Modin,Large, , , , 
run_2_repetition_4,TODO,isna,Dask,Large, , , , 
run_1_repetition_19,TODO,isna,Modin,Small, , , , 
run_27_repetition_3,TODO,sort,Dask,Small, , , , 
run_38_repetition_16,TODO,mean,Polars,Large, , , , 
run_25_repetition_13,TODO,sort,Modin,Small, , , , 
run_15_repetition_19,TODO,replace,Polars,Small, , , , 
run_4_repetition_4,TODO,isna,Pandas,Large, , , , 
run_30_repetition_14,TODO,sort,Polars,Large, , , , 
run_14_repetition_12,TODO,replace,Polars,Large, , , , 
run_70_repetition_1,TODO,concat,Polars,Large, , , , 
run_54_repetition_4,TODO,dropna,Polars,Large, , , , 
run_24_repetition_16,TODO,sort,Modin,Large, , , , 
run_56_repetition_18,TODO,fillna,Modin,Large, , , , 
run_26_repetition_19,TODO,sort,Dask,Large, , , , 
run_43_repetition_2,TODO,drop,Dask,Small, , , , 
run_58_repetition_11,TODO,fillna,Dask,Large, , , , 
run_53_repetition_12,TODO,dropna,Pandas,Small, , , , 
run_1_repetition_4,TODO,isna,Modin,Small, , , , 
run_21_repetition_16,TODO,groupby,Pandas,Small, , , , 
run_38_repetition_3,TODO,mean,Polars,Large, , , , 
run_57_repetition_17,TODO,fillna,Modin,Small, , , , 
run_52_repetition_0,TODO,dropna,Pandas,Large, , , , 
run_26_repetition_9,TODO,sort,Dask,Large, , , , 
run_58_repetition_6,TODO,fillna,Dask,Large, , , , 
run_63_repetition_3,TODO,fillna,Polars,Small, , , , 
run_1_repetition_9,TODO,isna,Modin,Small, , , , 
run_42_repetition_18,TODO,drop,Dask,Large, , , , 
run_8_repetition_17,TODO,replace,Modin,Large, , , , 
run_25_repetition_18,TODO,sort,Modin,Small, , , , 
run_33_repetition_17,TODO,mean,Modin,Small, , , , 
run_43_repetition_17,TODO,drop,Dask,Small, , , , 
run_25_repetition_19,TODO,sort,Modin,Small, , , , 
run_17_repetition_15,TODO,groupby,Modin,Small, , , , 
run_17_repetition_16,TODO,groupby,Modin,Small, , , , 
run_44_repetition_15,TODO,drop,Pandas,Large, , , , 
run_68_repetition_15,TODO,concat,Pandas,Large, , , , 
run_4_repetition_10,TODO,isna,Pandas,Large, , , , 
run_34_repetition_3,TODO,mean,Dask,Large, , , , 
run_17_repetition_3,TODO,groupby,Modin,Small, , , , 
run_1_repetition_10,TODO,isna,Modin,Small, , , , 
run_64_repetition_3,TODO,concat,Modin,Large, , , , 
run_45_repetition_18,TODO,drop,Pandas,Small, , , , 
run_8_repetition_4,TODO,replace,Modin,Large, , , , 
run_36_repetition_0,TODO,mean,Pandas,Large, , , , 
run_32_repetition_5,TODO,mean,Modin,Large, , , , 
run_65_repetition_19,TODO,concat,Modin,Small, , , , 
run_65_repetition_12,TODO,concat,Modin,Small, , , , 
run_40_repetition_0,TODO,drop,Modin,Large, , , , 
run_14_repetition_8,TODO,replace,Polars,Large, , , , 
run_6_repetition_3,TODO,isna,Polars,Large, , , , 
run_40_repetition_9,TODO,drop,Modin,Large, , , , 
run_43_repetition_3,TODO,drop,Dask,Small, , , , 
run_50_repetition_11,TODO,dropna,Dask,Large, , , , 
run_26_repetition_1,TODO,sort,Dask,Large, , , , 
run_31_repetition_19,TODO,sort,Polars,Small, , , , 
run_50_repetition_3,TODO,dropna,Dask,Large, , , , 
run_25_repetition_7,TODO,sort,Modin,Small, , , , 
run_32_repetition_0,TODO,mean,Modin,Large, , , , 
run_20_repetition_10,TODO,groupby,Pandas,Large, , , , 
run_56_repetition_4,TODO,fillna,Modin,Large, , , , 
run_46_repetition_7,TODO,drop,Polars,Large, , , , 
run_39_repetition_4,TODO,mean,Polars,Small, , , , 
run_51_repetition_11,TODO,dropna,Dask,Small, , , , 
run_39_repetition_16,TODO,mean,Polars,Small, , , , 
run_16_repetition_9,TODO,groupby,Modin,Large, , , , 
run_62_repetition_4,TODO,fillna,Polars,Large, , , , 
run_41_repetition_10,TODO,drop,Modin,Small, , , , 
run_4_repetition_15,TODO,isna,Pandas,Large, , , , 
run_58_repetition_19,TODO,fillna,Dask,Large, , , , 
run_19_repetition_6,TODO,groupby,Dask,Small, , , , 
run_26_repetition_0,TODO,sort,Dask,Large, , , , 
run_9_repetition_12,TODO,replace,Modin,Small, , , , 
run_45_repetition_5,TODO,drop,Pandas,Small, , , , 
run_2_repetition_16,TODO,isna,Dask,Large, , , , 
run_5_repetition_10,TODO,isna,Pandas,Small, , , , 
run_4_repetition_9,TODO,isna,Pandas,Large, , , , 
run_8_repetition_6,TODO,replace,Modin,Large, , , , 
run_9_repetition_13,TODO,replace,Modin,Small, , , , 
run_70_repetition_0,TODO,concat,Polars,Large, , , , 
run_3_repetition_14,TODO,isna,Dask,Small, , , , 
run_22_repetition_11,TODO,groupby,Polars,Large, , , , 
run_30_repetition_18,TODO,sort,Polars,Large, , , , 
run_26_repetition_3,TODO,sort,Dask,Large, , , , 
run_18_repetition_11,TODO,groupby,Dask,Large, , , , 
run_29_repetition_14,TODO,sort,Pandas,Small, , , , 
run_68_repetition_5,TODO,concat,Pandas,Large, , , , 
run_12_repetition_18,TODO,replace,Pandas,Large, , , , 
run_21_repetition_7,TODO,groupby,Pandas,Small, , , , 
run_12_repetition_3,TODO,replace,Pandas,Large, , , , 
run_14_repetition_6,TODO,replace,Polars,Large, , , , 
run_14_repetition_0,TODO,replace,Polars,Large, , , , 
run_32_repetition_12,TODO,mean,Modin,Large, , , , 
run_7_repetition_9,TODO,isna,Polars,Small, , , , 
run_12_repetition_15,TODO,replace,Pandas,Large, , , , 
run_9_repetition_7,TODO,replace,Modin,Small, , , , 
run_58_repetition_12,TODO,fillna,Dask,Large, , , , 
run_50_repetition_4,TODO,dropna,Dask,Large, , , , 
run_13_repetition_16,TODO,replace,Pandas,Small, , , , 
run_22_repetition_12,TODO,groupby,Polars,Large, , , , 
run_5_repetition_13,TODO,isna,Pandas,Small, , , , 
run_9_repetition_18,TODO,replace,Modin,Small, , , , 
run_57_repetition_15,TODO,fillna,Modin,Small, , , , 
run_71_repetition_4,TODO,concat,Polars,Small, , , , 
run_43_repetition_8,TODO,drop,Dask,Small, , , , 
run_33_repetition_1,TODO,mean,Modin,Small, , , , 
run_66_repetition_18,TODO,concat,Dask,Large, , , , 
run_11_repetition_8,TODO,replace,Dask,Small, , , , 
run_59_repetition_6,TODO,fillna,Dask,Small, , , , 
run_64_repetition_0,TODO,concat,Modin,Large, , , , 
run_51_repetition_4,TODO,dropna,Dask,Small, , , , 
run_41_repetition_16,TODO,drop,Modin,Small, , , , 
run_8_repetition_5,TODO,replace,Modin,Large, , , , 
run_58_repetition_2,TODO,fillna,Dask,Large, , , , 
run_19_repetition_8,TODO,groupby,Dask,Small, , , , 
run_13_repetition_0,TODO,replace,Pandas,Small, , , , 
run_1_repetition_0,TODO,isna,Modin,Small, , , , 
run_60_repetition_7,TODO,fillna,Pandas,Large, , , , 
run_52_repetition_18,TODO,dropna,Pandas,Large, , , , 
run_33_repetition_7,TODO,mean,Modin,Small, , , , 
run_9_repetition_14,TODO,replace,Modin,Small, , , , 
run_4_repetition_6,TODO,isna,Pandas,Large, , , , 
run_27_repetition_4,TODO,sort,Dask,Small, , , , 
run_0_repetition_18,TODO,isna,Modin,Large, , , , 
run_53_repetition_8,TODO,dropna,Pandas,Small, , , , 
run_58_repetition_4,TODO,fillna,Dask,Large, , , , 
run_26_repetition_6,TODO,sort,Dask,Large, , , , 
run_34_repetition_9,TODO,mean,Dask,Large, , , , 
run_25_repetition_15,TODO,sort,Modin,Small, , , , 
run_40_repetition_19,TODO,drop,Modin,Large, , , , 
run_3_repetition_5,TODO,isna,Dask,Small, , , , 
run_18_repetition_6,TODO,groupby,Dask,Large, , , , 
run_5_repetition_3,TODO,isna,Pandas,Small, , , , 
run_17_repetition_9,TODO,groupby,Modin,Small, , , , 
run_7_repetition_14,TODO,isna,Polars,Small, , , , 
run_32_repetition_16,TODO,mean,Modin,Large, , , , 
run_18_repetition_0,TODO,groupby,Dask,Large, , , , 
run_0_repetition_2,TODO,isna,Modin,Large, , , , 
run_0_repetition_15,TODO,isna,Modin,Large, , , , 
run_49_repetition_17,TODO,dropna,Modin,Small, , , , 
run_8_repetition_16,TODO,replace,Modin,Large, , , , 
run_30_repetition_0,TODO,sort,Polars,Large, , , , 
run_13_repetition_10,TODO,replace,Pandas,Small, , , , 
run_15_repetition_6,TODO,replace,Polars,Small, , , , 
run_1_repetition_17,TODO,isna,Modin,Small, , , , 
run_53_repetition_6,TODO,dropna,Pandas,Small, , , , 
run_58_repetition_15,TODO,fillna,Dask,Large, , , , 
run_2_repetition_11,TODO,isna,Dask,Large, , , , 
run_14_repetition_10,TODO,replace,Polars,Large, , , , 
run_49_repetition_2,TODO,dropna,Modin,Small, , , , 
run_38_repetition_8,TODO,mean,Polars,Large, , , , 
run_60_repetition_3,TODO,fillna,Pandas,Large, , , , 
run_71_repetition_0,TODO,concat,Polars,Small, , , , 
run_38_repetition_1,TODO,mean,Polars,Large, , , , 
run_58_repetition_16,TODO,fillna,Dask,Large, , , , 
run_28_repetition_18,TODO,sort,Pandas,Large, , , , 
run_42_repetition_4,TODO,drop,Dask,Large, , , , 
run_27_repetition_9,TODO,sort,Dask,Small, , , , 
run_12_repetition_2,TODO,replace,Pandas,Large, , , , 
run_59_repetition_14,TODO,fillna,Dask,Small, , , , 
run_6_repetition_0,TODO,isna,Polars,Large, , , , 
run_52_repetition_11,TODO,dropna,Pandas,Large, , , , 
run_6_repetition_17,TODO,isna,Polars,Large, , , , 
run_61_repetition_12,TODO,fillna,Pandas,Small, , , , 
run_20_repetition_12,TODO,groupby,Pandas,Large, , , , 
run_7_repetition_0,TODO,isna,Polars,Small, , , , 
run_42_repetition_17,TODO,drop,Dask,Large, , , , 
run_33_repetition_18,TODO,mean,Modin,Small, , , , 
run_65_repetition_10,TODO,concat,Modin,Small, , , , 
run_60_repetition_17,TODO,fillna,Pandas,Large, , , , 
run_24_repetition_8,TODO,sort,Modin,Large, , , , 
run_7_repetition_11,TODO,isna,Polars,Small, , , , 
run_60_repetition_9,TODO,fillna,Pandas,Large, , , , 
run_45_repetition_4,TODO,drop,Pandas,Small, , , , 
run_13_repetition_13,TODO,replace,Pandas,Small, , , , 
run_34_repetition_6,TODO,mean,Dask,Large, , , , 
